molecule_chembl_id,canonical_smiles,inchikey,label,label_class,sample_weight,median_pactivity,scaffold,_row
CHEMBL1083659,Cc1ccc(-n2nccn2)c(C(=O)N2CCN(c3nc4cc(Cl)ccc4o3)CC[C@H]2C)c1,JYTNQNCOQXFQPK-MRXNPFEDSA-N,0,antagonist,1.0,,O=C(c1ccccc1-n1nccn1)N1CCCN(c2nc3ccccc3o2)CC1,0
CHEMBL142009,COc1cc2c(cc1OC)CN(C(=O)[C@@H](NCc1ccncc1)C(C)(C)C)CC2,COFVZFLCAOUMJT-OAQYLSRUSA-N,0,antagonist,1.0,,O=C(CNCc1ccncc1)N1CCc2ccccc2C1,1
CHEMBL2107822,Cc1ccc(-c2ncccn2)c(C(=O)N2C[C@H](COc3ccc(F)cn3)CC[C@H]2C)c1,NPFDWHQSDBWQLH-QZTJIDSGSA-N,0,antagonist,1.0,,O=C(c1ccccc1-c1ncccn1)N1CCC[C@@H](COc2ccccn2)C1,2
CHEMBL2385132,CCN(Cc1cccnc1)C(=O)CN(c1ccc(OC)nc1)S(=O)(=O)c1ccccc1C,KJPHTXTWFHVJIG-UHFFFAOYSA-N,0,antagonist,1.0,,O=C(CN(c1cccnc1)S(=O)(=O)c1ccccc1)NCc1cccnc1,3
CHEMBL2413367,COc1ccc(C[C@H]2c3cc(OC)c(OC)cc3CCN2[C@@H](C(=O)NC(C)C)c2ccccc2)cc1OC,HXHOBPVRRPCTLG-SETSBSEESA-N,0,antagonist,1.0,,c1ccc(C[C@H]2c3ccccc3CCN2Cc2ccccc2)cc1,4
CHEMBL291536,Cc1nc2ccc(NC(=O)Nc3ccnc4cccnc34)cc2o1,AKMNUCBQGHFICM-UHFFFAOYSA-N,0,antagonist,1.0,,O=C(Nc1ccc2ncoc2c1)Nc1ccnc2cccnc12,5
CHEMBL3235249,Cc1ccc(-n2nccn2)c(C(=O)N2C[C@H](COc3ccc(F)cn3)CC[C@H]2C)c1,SWJLISCOLSUHGG-IAGOWNOFSA-N,0,antagonist,1.0,,O=C(c1ccccc1-n1nccn1)N1CCC[C@@H](COc2ccccn2)C1,6
CHEMBL3338866,COc1ccc(CNC(=O)c2cc(-c3cncc(Cl)c3)cnc2-c2ccccn2)nc1OC,CKTWQGHVNRYNCM-UHFFFAOYSA-N,0,antagonist,1.0,,O=C(NCc1ccccn1)c1cc(-c2cccnc2)cnc1-c1ccccn1,7
CHEMBL3586412,COc1cccc(OC)c1C(=O)N1CCCN(c2nc3ccc(Cl)cc3s2)CC1,IWNLDQPKTBRWAF-UHFFFAOYSA-N,0,antagonist,1.0,,O=C(c1ccccc1)N1CCCN(c2nc3ccccc3s2)CC1,8
CHEMBL359632,CC1(C)OC[C@H](NC(=O)Nc2ccc(Br)cc2Br)[C@H](c2ccccc2)O1,RBKIJGLHFFQHBE-IRXDYDNUSA-N,0,antagonist,1.0,,O=C(Nc1ccccc1)N[C@H]1COCO[C@H]1c1ccccc1,9
CHEMBL3597951,O=S(=O)(c1ccc(F)cc1)N(Cc1ncc[nH]1)c1ccccc1-c1ccccc1,PCDMCECXKAELMI-UHFFFAOYSA-N,0,antagonist,1.0,,O=S(=O)(c1ccccc1)N(Cc1ncc[nH]1)c1ccccc1-c1ccccc1,10
CHEMBL3597952,COc1ccc(S(=O)(=O)N2CCC[C@H]2C(=O)Nc2cc(C)cc(C)c2)cc1,NHPQGZOBHSVTAQ-IBGZPJMESA-N,0,antagonist,1.0,,O=C(Nc1ccccc1)[C@@H]1CCCN1S(=O)(=O)c1ccccc1,11
CHEMBL3623075,COc1ccc(-c2cccc(C(=O)N(C)C)c2)cc1S(=O)(=O)Nc1cccc(NCCNC(=O)c2cccc(C)c2)c1,RHLMXWCISNJNDH-UHFFFAOYSA-N,1,agonist,1.0,,O=C(NCCNc1cccc(NS(=O)(=O)c2cccc(-c3ccccc3)c2)c1)c1ccccc1,12
CHEMBL3623078,COc1ccc(-c2cccc(C(=O)N(C)C)c2)cc1C(=O)Nc1cccc(NCCNC(=O)c2cccc(C)c2)c1,WRYAPWOPVUMDOK-UHFFFAOYSA-N,1,agonist,1.0,,O=C(NCCNc1cccc(NC(=O)c2cccc(-c3ccccc3)c2)c1)c1ccccc1,13
CHEMBL3623079,COc1ccc(-c2cccc(C(=O)N(C)C)c2)cc1S(=O)(=O)Nc1cccc(NCCNC(=O)c2ccccc2N(C)C)c1,BXJSAMKIFDDLGI-UHFFFAOYSA-N,1,agonist,1.0,,O=C(NCCNc1cccc(NS(=O)(=O)c2cccc(-c3ccccc3)c2)c1)c1ccccc1,14
CHEMBL363743,CC1(C)OC[C@H](NC(=O)Nc2ccccc2Br)[C@H](c2ccccc2)O1,ZVELNGXIEZFZIB-IRXDYDNUSA-N,0,antagonist,1.0,,O=C(Nc1ccccc1)N[C@H]1COCO[C@H]1c1ccccc1,15
CHEMBL3659180,Cc1ccc(-n2nccn2)c(C(=O)N2C3CCC2C(COc2ccc(F)cn2)C3)c1,FNSBFXNNFNCHOW-UHFFFAOYSA-N,0,antagonist,1.0,,O=C(c1ccccc1-n1nccn1)N1C2CCC1C(COc1ccccn1)C2,16
CHEMBL3659181,O=C(c1ccccc1-c1cccs1)N1C2CCC1C(COc1ccc(F)cn1)C2,JIEFEDOEWSOKJT-UHFFFAOYSA-N,0,antagonist,1.0,,O=C(c1ccccc1-c1cccs1)N1C2CCC1C(COc1ccccn1)C2,17
CHEMBL3659199,O=C(c1cc(F)ccc1-n1nccn1)N1C2CCC1C(COc1ccc(F)cn1)C2,WWRBUHJGYQFSDU-UHFFFAOYSA-N,0,antagonist,1.0,,O=C(c1ccccc1-n1nccn1)N1C2CCC1C(COc1ccccn1)C2,18
CHEMBL3659201,O=C(c1cc(F)ccc1-c1ncccn1)N1C2CCC1C(COc1ccc(F)cn1)C2,WQUYEVUFAVZURZ-UHFFFAOYSA-N,0,antagonist,1.0,,O=C(c1ccccc1-c1ncccn1)N1C2CCC1C(COc1ccccn1)C2,19
CHEMBL3659202,Cc1ccc(-c2ncccn2)c(C(=O)N2C3CCC2C(COc2ccc(F)cn2)C3)c1,WKSFERSMQSQZQP-UHFFFAOYSA-N,0,antagonist,1.0,,O=C(c1ccccc1-c1ncccn1)N1C2CCC1C(COc1ccccn1)C2,20
CHEMBL3659215,Cc1ccc(-n2nccn2)c(C(=O)N2C3CCC2C(COc2ccc(C(F)(F)F)cn2)C3)n1,OIZULIUMQOQFAC-UHFFFAOYSA-N,0,antagonist,1.0,,O=C(c1ncccc1-n1nccn1)N1C2CCC1C(COc1ccccn1)C2,21
CHEMBL3663477,O=C(c1ccccc1-n1nccn1)N1C2CCC1C(Nc1cnc(C(F)(F)F)cn1)C2,OFWIILUUJMRMOZ-UHFFFAOYSA-N,0,antagonist,1.0,,O=C(c1ccccc1-n1nccn1)N1C2CCC1C(Nc1cnccn1)C2,22
CHEMBL3663481,Cc1ccc(-n2nccn2)c(C(=O)N2C3CCC2C(Nc2ccc(C(F)(F)F)cn2)C3)n1,ZIVMVPNFNDQFRD-UHFFFAOYSA-N,0,antagonist,1.0,,O=C(c1ncccc1-n1nccn1)N1C2CCC1C(Nc1ccccn1)C2,23
CHEMBL3663490,O=C(c1ccccc1-n1nccn1)N1C2CCC1C(Nc1ccc(C(F)(F)F)cn1)C2,AORXOPBYJPVESQ-UHFFFAOYSA-N,0,antagonist,1.0,,O=C(c1ccccc1-n1nccn1)N1C2CCC1C(Nc1ccccn1)C2,24
CHEMBL3663505,O=C(c1ccccc1-n1nccn1)N1C2CCC1C(Nc1ccc(Cl)cn1)C2,GZPNPFZMMODXQJ-UHFFFAOYSA-N,0,antagonist,1.0,,O=C(c1ccccc1-n1nccn1)N1C2CCC1C(Nc1ccccn1)C2,25
CHEMBL3663515,O=C(c1ccccc1-n1nccn1)N1C2CCC1C(Nc1ncc(C(F)(F)F)cn1)C2,WXVOANJOHGOYDU-UHFFFAOYSA-N,0,antagonist,1.0,,O=C(c1ccccc1-n1nccn1)N1C2CCC1C(Nc1ncccn1)C2,26
CHEMBL3739711,COc1ccc(C[C@@H]2CCCN2C(=O)c2nc(C)sc2-c2cccc(C)c2)cc1OC,ATCMNCWZQLATOI-FQEVSTJZSA-N,0,antagonist,1.0,,O=C(c1ncsc1-c1ccccc1)N1CCC[C@H]1Cc1ccccc1,27
CHEMBL3892369,Cc1ccc(C(=O)N2CCOC[C@H]2Cc2cccc(-n3nccn3)c2)c(-n2nccn2)c1,GKPHAIOJCHBZCT-HXUWFJFHSA-N,0,antagonist,1.0,,O=C(c1ccccc1-n1nccn1)N1CCOC[C@H]1Cc1cccc(-n2nccn2)c1,28
CHEMBL3895130,Cc1ccc(C(=O)N2CCOC[C@H]2Cc2ccc(C)c(-n3nccn3)c2)c(-n2nccn2)c1,DSAPJEHSDZGZQP-HXUWFJFHSA-N,0,antagonist,1.0,,O=C(c1ccccc1-n1nccn1)N1CCOC[C@H]1Cc1cccc(-n2nccn2)c1,29
CHEMBL3895270,COc1ccc2[nH]cc(CCn3cc(NC(=O)c4ncoc4-c4cccc(C)c4)cn3)c2c1,BEYYOEMKMWVPAQ-UHFFFAOYSA-N,0,antagonist,1.0,,O=C(Nc1cnn(CCc2c[nH]c3ccccc23)c1)c1ncoc1-c1ccccc1,30
CHEMBL3898855,COc1ccc2[nH]cc(CCn3cc(NC(=O)c4ncoc4-c4cccc(F)c4)cn3)c2c1,GGIYIXGESBIOLR-UHFFFAOYSA-N,0,antagonist,1.0,,O=C(Nc1cnn(CCc2c[nH]c3ccccc23)c1)c1ncoc1-c1ccccc1,31
CHEMBL3901346,O=C(c1ccccc1-n1nccn1)N1CCOC[C@H]1Cc1cccc(-n2nccn2)c1,HCNLIVZSGOZAEH-LJQANCHMSA-N,0,antagonist,1.0,,O=C(c1ccccc1-n1nccn1)N1CCOC[C@H]1Cc1cccc(-n2nccn2)c1,32
CHEMBL3903587,COc1cc(OC)nc(OCCn2cc(NC(=O)c3ncoc3-c3cccc(C)c3)cn2)n1,HXSNNYUKIYWXTE-UHFFFAOYSA-N,0,antagonist,1.0,,O=C(Nc1cnn(CCOc2ncccn2)c1)c1ncoc1-c1ccccc1,33
CHEMBL3904485,Cc1ccc(C(=O)N2CCOC[C@H]2Cc2cc(Cl)cc(-n3nccn3)c2)c(-n2nccn2)c1,LHHCFJSPYOKYPR-HXUWFJFHSA-N,0,antagonist,1.0,,O=C(c1ccccc1-n1nccn1)N1CCOC[C@H]1Cc1cccc(-n2nccn2)c1,34
CHEMBL3905525,Cc1cccc(-c2ocnc2C(=O)Nc2cnn(CCOc3cc(C)cc(C)n3)c2)c1,BCXWSAXVDJMAMF-UHFFFAOYSA-N,0,antagonist,1.0,,O=C(Nc1cnn(CCOc2ccccn2)c1)c1ncoc1-c1ccccc1,35
CHEMBL3905808,O=C(c1ccccc1-n1nccn1)N1CCC[C@H]1Cc1cccc(-n2nccn2)c1,OFOKYTZDYMGETB-SFHVURJKSA-N,0,antagonist,1.0,,O=C(c1ccccc1-n1nccn1)N1CCC[C@H]1Cc1cccc(-n2nccn2)c1,36
CHEMBL3907862,Cc1ccc(-n2nccn2)c(C(=O)N2[C@@H]3CC[C@H]2[C@H](COc2ccc(F)cn2)C3)c1,FNSBFXNNFNCHOW-WDYCEAGBSA-N,0,antagonist,1.0,,O=C(c1ccccc1-n1nccn1)N1[C@@H]2CC[C@H]1[C@H](COc1ccccn1)C2,37
CHEMBL3913938,COc1ccc2c(c1)c(CCn1cc(NC(=O)c3ncoc3-c3cccc(C)c3)cn1)cn2C,FGAHUEWCKNIRNB-UHFFFAOYSA-N,0,antagonist,1.0,,O=C(Nc1cnn(CCc2c[nH]c3ccccc23)c1)c1ncoc1-c1ccccc1,38
CHEMBL3915416,Cc1ccc(C(=O)N2C[C@@H](C)OC[C@H]2Cc2cccc(-n3nccn3)c2)c(-n2nccn2)c1,XDAZJJGYLDZHNW-WIYYLYMNSA-N,0,antagonist,1.0,,O=C(c1ccccc1-n1nccn1)N1CCOC[C@H]1Cc1cccc(-n2nccn2)c1,39
CHEMBL3915925,COc1ccc2[nH]cc(CCn3cc(NC(=O)c4ncoc4-c4ccccc4F)cn3)c2c1,IHMCGUALJBZONR-UHFFFAOYSA-N,0,antagonist,1.0,,O=C(Nc1cnn(CCc2c[nH]c3ccccc23)c1)c1ncoc1-c1ccccc1,40
CHEMBL3917550,Cc1ccc(-n2nccn2)c(C(=O)N2CCC[C@H]2Cc2cccc(-n3nccn3)c2)c1,PQIZGRDRKSOBSA-IBGZPJMESA-N,0,antagonist,1.0,,O=C(c1ccccc1-n1nccn1)N1CCC[C@H]1Cc1cccc(-n2nccn2)c1,41
CHEMBL3919536,Cc1ccc(-n2nccn2)c(C(=O)N2[C@@H]3CC[C@H]2[C@H](COc2ccccn2)C3)n1,SPNVMISESJDLQJ-BBWFWOEESA-N,0,antagonist,1.0,,O=C(c1ncccc1-n1nccn1)N1[C@@H]2CC[C@H]1[C@H](COc1ccccn1)C2,42
CHEMBL3919870,Cc1cccc(-c2ocnc2C(=O)Nc2cnn(CCc3ccccc3)c2)c1,TZTIOVGIXVZPRW-UHFFFAOYSA-N,0,antagonist,1.0,,O=C(Nc1cnn(CCc2ccccc2)c1)c1ncoc1-c1ccccc1,43
CHEMBL3922326,COc1ccc2[nH]cc(CCn3cc(NC(=O)c4ncoc4-c4cccc(C)c4)cn3)c2n1,OWUGHOGLSOEBHT-UHFFFAOYSA-N,0,antagonist,1.0,,O=C(Nc1cnn(CCc2c[nH]c3cccnc23)c1)c1ncoc1-c1ccccc1,44
CHEMBL3922678,Cc1ccc(C(=O)N2CCO[C@@H](C)[C@H]2Cc2cccc(-n3nccn3)c2)c(-n2nccn2)c1,WOQOCTXBEIMJQF-PGRDOPGGSA-N,0,antagonist,1.0,,O=C(c1ccccc1-n1nccn1)N1CCOC[C@H]1Cc1cccc(-n2nccn2)c1,45
CHEMBL3924228,Cc1ccc(C(=O)N2[C@H](Cc3cccc(-n4nccn4)c3)COC[C@H]2C)c(-n2nccn2)c1,FCVGUKJNRFNLDS-WIYYLYMNSA-N,0,antagonist,1.0,,O=C(c1ccccc1-n1nccn1)N1CCOC[C@H]1Cc1cccc(-n2nccn2)c1,46
CHEMBL3925325,Cc1cccc(-c2ocnc2C(=O)Nc2cnn(CCOc3ccccc3)c2)c1,RTBFUILJTDEINN-UHFFFAOYSA-N,0,antagonist,1.0,,O=C(Nc1cnn(CCOc2ccccc2)c1)c1ncoc1-c1ccccc1,47
CHEMBL3927349,O=C(c1cccc(F)c1-n1nccn1)N1CCOC[C@H]1Cc1cccc(-n2nccn2)c1,BQVDTYWMMKIXOA-GOSISDBHSA-N,0,antagonist,1.0,,O=C(c1ccccc1-n1nccn1)N1CCOC[C@H]1Cc1cccc(-n2nccn2)c1,48
CHEMBL3930115,COc1ccc(C(=O)N2CCOC[C@H]2Cc2cccc(-n3nccn3)c2)c(-n2nccn2)c1,MRZOKJFVVJMJLC-LJQANCHMSA-N,0,antagonist,1.0,,O=C(c1ccccc1-n1nccn1)N1CCOC[C@H]1Cc1cccc(-n2nccn2)c1,49
CHEMBL3931705,Cc1cccc(-c2ocnc2C(=O)Nc2cnn(CCOc3ccc(F)cn3)c2)c1,VZAROJABRMTEJU-UHFFFAOYSA-N,0,antagonist,1.0,,O=C(Nc1cnn(CCOc2ccccn2)c1)c1ncoc1-c1ccccc1,50
CHEMBL3932722,C[C@]1(Nc2cnc(C(F)(F)F)cn2)CCC[C@@H]1NC(=O)c1ncccc1-n1nccn1,UNZFNWZMBMDMAR-UGSOOPFHSA-N,0,antagonist,1.0,,O=C(N[C@H]1CCCC1Nc1cnccn1)c1ncccc1-n1nccn1,51
CHEMBL3933467,Cc1cccc(C(=O)N2CCOC[C@H]2Cc2cccc(-n3nccn3)c2)c1-n1nccn1,NERGNQKZFUFHEN-HXUWFJFHSA-N,0,antagonist,1.0,,O=C(c1ccccc1-n1nccn1)N1CCOC[C@H]1Cc1cccc(-n2nccn2)c1,52
CHEMBL3934744,COc1cc2ccn(CCn3cc(NC(=O)c4ncoc4-c4cccc(C)c4)cn3)c2cc1OC,UQKIFIDCORREBF-UHFFFAOYSA-N,0,antagonist,1.0,,O=C(Nc1cnn(CCn2ccc3ccccc32)c1)c1ncoc1-c1ccccc1,53
CHEMBL3936704,Cc1ccc(C(=O)N2[C@H](Cc3cccc(-n4nccn4)c3)COC[C@@H]2C)c(-n2nccn2)c1,FCVGUKJNRFNLDS-GHTZIAJQSA-N,0,antagonist,1.0,,O=C(c1ccccc1-n1nccn1)N1CCOC[C@H]1Cc1cccc(-n2nccn2)c1,54
CHEMBL3936920,Cc1ccc(C(=O)N2CCOC[C@H]2Cc2cc(-n3nccn3)ccc2Cl)c(-n2nccn2)c1,PHEQMGRTEIENAJ-LJQANCHMSA-N,0,antagonist,1.0,,O=C(c1ccccc1-n1nccn1)N1CCOC[C@H]1Cc1cccc(-n2nccn2)c1,55
CHEMBL3937131,COc1cc2c(ccn2CCn2cc(NC(=O)c3ncoc3-c3cccc(C)c3)cn2)cn1,XJRKTUDQYITKPM-UHFFFAOYSA-N,0,antagonist,1.0,,O=C(Nc1cnn(CCn2ccc3cnccc32)c1)c1ncoc1-c1ccccc1,56
CHEMBL3938981,Cc1ccc(C(=O)N2CCOC[C@H]2Cc2cc(-n3nccn3)ccc2F)c(-n2nccn2)c1,HWCNAOSLUJKVML-LJQANCHMSA-N,0,antagonist,1.0,,O=C(c1ccccc1-n1nccn1)N1CCOC[C@H]1Cc1cccc(-n2nccn2)c1,57
CHEMBL3939125,COc1ccc2ccn(CCn3cc(NC(=O)c4ncoc4-c4cccc(C)c4)cn3)c2n1,QZTIKGZYDUCSNV-UHFFFAOYSA-N,0,antagonist,1.0,,O=C(Nc1cnn(CCn2ccc3cccnc32)c1)c1ncoc1-c1ccccc1,58
CHEMBL3940238,COc1cc(OC)c2ccn(CCn3cc(NC(=O)c4ncoc4-c4cccc(C)c4)cn3)c2c1,HUYPBGXCFXPNBF-UHFFFAOYSA-N,0,antagonist,1.0,,O=C(Nc1cnn(CCn2ccc3ccccc32)c1)c1ncoc1-c1ccccc1,59
CHEMBL3940596,Cc1cccc(-c2ocnc2C(=O)Nc2cnn(CCOc3nc4ccccc4o3)c2)c1,ICJXFNRWHWUDQF-UHFFFAOYSA-N,0,antagonist,1.0,,O=C(Nc1cnn(CCOc2nc3ccccc3o2)c1)c1ncoc1-c1ccccc1,60
CHEMBL3942226,Cc1cccc(-c2ocnc2C(=O)Nc2cnn(CCOc3ncc4ccccc4n3)c2)c1,NOGHNYMKZQHLQH-UHFFFAOYSA-N,0,antagonist,1.0,,O=C(Nc1cnn(CCOc2ncc3ccccc3n2)c1)c1ncoc1-c1ccccc1,61
CHEMBL3943607,COc1ccc2[nH]cc(CCn3cc(NC(=O)c4ncoc4-c4ccccc4)cn3)c2c1,OTDZDWGWQMMATH-UHFFFAOYSA-N,0,antagonist,1.0,,O=C(Nc1cnn(CCc2c[nH]c3ccccc23)c1)c1ncoc1-c1ccccc1,62
CHEMBL3945938,COc1cc(OC)nc(NCCn2cnc(NC(=O)c3ncoc3-c3cccc(C)c3)c2)n1,XIRTXGFNBQGYTQ-UHFFFAOYSA-N,0,antagonist,1.0,,O=C(Nc1cn(CCNc2ncccn2)cn1)c1ncoc1-c1ccccc1,63
CHEMBL3946474,Cc1ccc(C(=O)N2C[C@H](C)OC[C@H]2Cc2cccc(-n3nccn3)c2)c(-n2nccn2)c1,XDAZJJGYLDZHNW-GHTZIAJQSA-N,0,antagonist,1.0,,O=C(c1ccccc1-n1nccn1)N1CCOC[C@H]1Cc1cccc(-n2nccn2)c1,64
CHEMBL3949919,COc1ccc(-n2nccn2)c(C(=O)N2CCOC[C@H]2Cc2cccc(-n3nccn3)c2)c1,CWBKFZFKBHRMPJ-LJQANCHMSA-N,0,antagonist,1.0,,O=C(c1ccccc1-n1nccn1)N1CCOC[C@H]1Cc1cccc(-n2nccn2)c1,65
CHEMBL3951681,Cc1ccc(-n2nccn2)c(C(=O)N2CCOC[C@H]2Cc2cccc(-n3nccn3)c2)c1,JQRRTXWUYXPFEP-HXUWFJFHSA-N,0,antagonist,1.0,,O=C(c1ccccc1-n1nccn1)N1CCOC[C@H]1Cc1cccc(-n2nccn2)c1,66
CHEMBL3952970,Cc1ccc(C(=O)N2CCOC[C@H]2Cc2cccc(-n3nccn3)c2)c(-n2nccn2)c1C,QEFAZNLAURABKO-OAQYLSRUSA-N,0,antagonist,1.0,,O=C(c1ccccc1-n1nccn1)N1CCOC[C@H]1Cc1cccc(-n2nccn2)c1,67
CHEMBL3956441,COc1ccc2ncn(CCn3cc(NC(=O)c4ncoc4-c4cccc(C)c4)cn3)c2c1,DQJNIDZSJODNPQ-UHFFFAOYSA-N,0,antagonist,1.0,,O=C(Nc1cnn(CCn2cnc3ccccc32)c1)c1ncoc1-c1ccccc1,68
CHEMBL3957175,Cc1ccc(C(=O)N2CCO[C@H](C)[C@H]2Cc2cccc(-n3nccn3)c2)c(-n2nccn2)c1,WOQOCTXBEIMJQF-XMSQKQJNSA-N,0,antagonist,1.0,,O=C(c1ccccc1-n1nccn1)N1CCOC[C@H]1Cc1cccc(-n2nccn2)c1,69
CHEMBL3958101,CCc1nc(C(F)(F)F)cnc1N[C@H]1CCC[C@@H]1NC(=O)c1ncccc1-n1nccn1,UFGCLPDMIZHEED-KBPBESRZSA-N,0,antagonist,1.0,,O=C(N[C@H]1CCC[C@@H]1Nc1cnccn1)c1ncccc1-n1nccn1,70
CHEMBL3958107,COc1ccc2ccn(CCn3cc(NC(=O)c4ncoc4-c4cccc(C)c4)cn3)c2c1,QSGDIIDNYHCWCV-UHFFFAOYSA-N,0,antagonist,1.0,,O=C(Nc1cnn(CCn2ccc3ccccc32)c1)c1ncoc1-c1ccccc1,71
CHEMBL3960556,O=C(c1ccc(F)cc1-n1nccn1)N1CCOC[C@H]1Cc1cccc(-n2nccn2)c1,QCNZPQHXWUCBEP-LJQANCHMSA-N,0,antagonist,1.0,,O=C(c1ccccc1-n1nccn1)N1CCOC[C@H]1Cc1cccc(-n2nccn2)c1,72
CHEMBL3961144,Cc1cccc(-c2ocnc2C(=O)Nc2cnn(CCn3ccc4ccccc43)c2)c1,GPMPRCWKFVUNFH-UHFFFAOYSA-N,0,antagonist,1.0,,O=C(Nc1cnn(CCn2ccc3ccccc32)c1)c1ncoc1-c1ccccc1,73
CHEMBL3961871,Cc1ccc(-n2nccn2)c(C(=O)N2[C@@H]3CC[C@H]2[C@H](COc2ccc(F)cn2)C3)n1,WGJDXEJAXMDTDU-UAGQMJEPSA-N,0,antagonist,1.0,,O=C(c1ncccc1-n1nccn1)N1[C@@H]2CC[C@H]1[C@H](COc1ccccn1)C2,74
CHEMBL3963023,Cc1ccc(C(=O)N2CCOC[C@H]2Cc2cc(-n3nccn3)ccc2C)c(-n2nccn2)c1,QRQCKASOXSZLKU-OAQYLSRUSA-N,0,antagonist,1.0,,O=C(c1ccccc1-n1nccn1)N1CCOC[C@H]1Cc1cccc(-n2nccn2)c1,75
CHEMBL3964074,Cc1cccc(-c2ocnc2C(=O)Nc2cnn(CCOc3cnc4ccccc4n3)c2)c1,PHLDAHHMNAPBQI-UHFFFAOYSA-N,0,antagonist,1.0,,O=C(Nc1cnn(CCOc2cnc3ccccc3n2)c1)c1ncoc1-c1ccccc1,76
CHEMBL3964366,Cc1ccc(C(=O)N2CCOC[C@H]2Cc2cccc(-n3nccn3)c2F)c(-n2nccn2)c1,YNLXALPSUPUEOW-GOSISDBHSA-N,0,antagonist,1.0,,O=C(c1ccccc1-n1nccn1)N1CCOC[C@H]1Cc1cccc(-n2nccn2)c1,77
CHEMBL3969984,O=C(c1cc(F)ccc1-n1nccn1)N1CCOC[C@H]1Cc1cccc(-n2nccn2)c1,HGBYUIVSHGPNIW-LJQANCHMSA-N,0,antagonist,1.0,,O=C(c1ccccc1-n1nccn1)N1CCOC[C@H]1Cc1cccc(-n2nccn2)c1,78
CHEMBL3970371,COc1cc(OC)nc(NCCn2cc(NC(=O)c3ncoc3-c3cccc(C)c3)cn2)n1,LPVGXTRSJBXLPM-UHFFFAOYSA-N,0,antagonist,1.0,,O=C(Nc1cnn(CCNc2ncccn2)c1)c1ncoc1-c1ccccc1,79
CHEMBL3971116,Cc1ccc(C(=O)N2CCOC[C@H]2Cc2cc(F)cc(-n3nccn3)c2)c(-n2nccn2)c1,JOKDLAIJHCOJRF-HXUWFJFHSA-N,0,antagonist,1.0,,O=C(c1ccccc1-n1nccn1)N1CCOC[C@H]1Cc1cccc(-n2nccn2)c1,80
CHEMBL3971841,COc1ccc2c(CCn3cc(NC(=O)c4ncoc4-c4cccc(C)c4)cn3)c[nH]c2c1,XVNKCDRHFKJBBW-UHFFFAOYSA-N,0,antagonist,1.0,,O=C(Nc1cnn(CCc2c[nH]c3ccccc23)c1)c1ncoc1-c1ccccc1,81
CHEMBL3973097,O=C(c1nccc2[nH]cnc12)N1CCC(F)(F)[C@@H](Oc2ccc3ccccc3n2)C1,FEAVKDCRHLEQNS-INIZCTEOSA-N,0,antagonist,1.0,,O=C(c1nccc2[nH]cnc12)N1CCC[C@@H](Oc2ccc3ccccc3n2)C1,82
CHEMBL3975373,COc1ccc2c(ccn2CCn2cc(NC(=O)c3ncoc3-c3cccc(C)c3)cn2)c1,AXWUDUISEZKIOY-UHFFFAOYSA-N,0,antagonist,1.0,,O=C(Nc1cnn(CCn2ccc3ccccc32)c1)c1ncoc1-c1ccccc1,83
CHEMBL3981316,Cc1cccc(-c2ocnc2C(=O)Nc2cnn(CCn3cnc4ccccc43)c2)c1,DEQPMCRUTTUENO-UHFFFAOYSA-N,0,antagonist,1.0,,O=C(Nc1cnn(CCn2cnc3ccccc32)c1)c1ncoc1-c1ccccc1,84
CHEMBL3981385,Cc1ccc(-n2nccn2)c(C(=O)N2CCCC[C@H]2Cc2cccc(-n3nccn3)c2)c1,VYUBRYYCCNWARR-FQEVSTJZSA-N,0,antagonist,1.0,,O=C(c1ccccc1-n1nccn1)N1CCCC[C@H]1Cc1cccc(-n2nccn2)c1,85
CHEMBL3984308,Cc1cccc(-c2ocnc2C(=O)Nc2cnn(CCn3ccc4cccnc43)c2)c1,KFHGCVUZEVMKMK-UHFFFAOYSA-N,0,antagonist,1.0,,O=C(Nc1cnn(CCn2ccc3cccnc32)c1)c1ncoc1-c1ccccc1,86
CHEMBL3985381,COc1cc(OC)nc(CCCn2cc(NC(=O)c3ncoc3-c3cccc(C)c3)cn2)n1,FQDLQPHNRNYXAM-UHFFFAOYSA-N,0,antagonist,1.0,,O=C(Nc1cnn(CCCc2ncccn2)c1)c1ncoc1-c1ccccc1,87
CHEMBL4107773,Cc1ccc(-c2ncccn2)c(C(=O)N2[C@@H]3CC[C@H]2[C@H](COc2ccccn2)C3)n1,WKBJARZMMUKHBI-SCTDSRPQSA-N,0,antagonist,1.0,,O=C(c1ncccc1-c1ncccn1)N1[C@@H]2CC[C@H]1[C@H](COc1ccccn1)C2,88
CHEMBL4113266,O=C(c1cccc(F)c1-c1ncccn1)N1[C@@H]2CC[C@H]1[C@H](Nc1ccc(C(F)(F)F)cn1)C2,BDCUQVJRZGYIDS-OLMNPRSZSA-N,0,antagonist,1.0,,O=C(c1ccccc1-c1ncccn1)N1[C@@H]2CC[C@H]1[C@H](Nc1ccccn1)C2,89
CHEMBL4115403,O=C(c1ccccc1-n1nccn1)N1[C@@H]2CC[C@H]1[C@H](Nc1cnc(C(F)(F)F)cn1)C2,OFWIILUUJMRMOZ-XPKDYRNWSA-N,0,antagonist,1.0,,O=C(c1ccccc1-n1nccn1)N1[C@@H]2CC[C@H]1[C@H](Nc1cnccn1)C2,90
CHEMBL4116482,COc1ccc2c3c1O[C@H]1[C@H](N(C)C(=O)/C=C/c4ccoc4)CC[C@@]4(O)[C@@H](C2)N(S(=O)(=O)c2ccccc2N(C)C)CC[C@]314,MVNBYORCXATCAJ-ZFEMXKDYSA-N,0,antagonist,1.0,,O=C(/C=C/c1ccoc1)N[C@@H]1CCC2[C@H]3Cc4cccc5c4[C@@]2(CCN3S(=O)(=O)c2ccccc2)[C@H]1O5,91
CHEMBL4297590,COc1ccc(-n2nccn2)c(C(=O)N2CCC[C@@]2(C)c2nc3c(C)c(Cl)ccc3[nH]2)c1,NBGABHGMJVIVBW-QHCPKHFHSA-N,0,antagonist,1.0,,O=C(c1ccccc1-n1nccn1)N1CCCC1c1nc2ccccc2[nH]1,92
CHEMBL455136,CNC(=O)[C@@H](c1ccccc1)N1CCc2cc(OC)c(OC)cc2[C@@H]1CCc1ccc(C(F)(F)F)cc1,DKMACHNQISHMDN-RPLLCQBOSA-N,0,antagonist,1.0,,c1ccc(CC[C@H]2c3ccccc3CCN2Cc2ccccc2)cc1,93
CHEMBL4650341,COC(=O)N1CCC[C@H](NS(C)(=O)=O)[C@@H]1CO[C@H]1CC[C@@H](c2ccccc2)CC1,UXZAJSZFFARTEI-YRPNKDGESA-N,1,agonist,1.0,,c1ccc([C@H]2CC[C@@H](OC[C@H]3CCCCN3)CC2)cc1,94
CHEMBL4739975,COC(=O)N1[C@H](C)C[C@H](NS(=O)(=O)N(C)C)[C@@H]1CO[C@H]1CC[C@@H](c2cccc(F)c2)CC1,VRCBPPQSWQSLSW-QANQIFJLSA-N,1,agonist,1.0,,c1ccc([C@H]2CC[C@@H](OC[C@H]3CCCN3)CC2)cc1,95
CHEMBL4740509,COC(=O)N1[C@H](C)C[C@H](NS(=O)(=O)NCF)[C@@H]1CO[C@H]1CC[C@@H](c2cccc(F)c2)CC1,SIHRJIMCGSWJED-XEGUMIITSA-N,1,agonist,1.0,,c1ccc([C@H]2CC[C@@H](OC[C@H]3CCCN3)CC2)cc1,96
CHEMBL4743991,O=C(c1c(F)cccc1-c1ncccn1)N1[C@@H]2CC[C@H]1[C@H](Nc1cnc(C(F)(F)F)cn1)C2,WQGAVWGGVVYYFU-WQVCFCJDSA-N,0,antagonist,1.0,,O=C(c1ccccc1-c1ncccn1)N1[C@@H]2CC[C@H]1[C@H](Nc1cnccn1)C2,97
CHEMBL4746205,O=C(c1ccccc1-n1nccn1)N1C2CCC1C(Oc1ccc(C(F)(F)F)cn1)C2,AXBDWANXRUPESE-UHFFFAOYSA-N,0,antagonist,1.0,,O=C(c1ccccc1-n1nccn1)N1C2CCC1C(Oc1ccccn1)C2,98
CHEMBL4747380,O=C(c1ccc(F)cc1-c1ncccn1)N1[C@@H]2CC[C@H]1[C@H](Nc1cnc(C(F)(F)F)cn1)C2,FJQHMTUDGQPMMX-XYPHTWIQSA-N,0,antagonist,1.0,,O=C(c1ccccc1-c1ncccn1)N1[C@@H]2CC[C@H]1[C@H](Nc1cnccn1)C2,99
CHEMBL4749384,O=C(c1cccc(F)c1-c1ncccn1)N1[C@@H]2CC[C@H]1[C@H](Nc1ncc(C(F)(F)F)cc1Cl)C2,KLQOGXRJHFIGAB-XWIAVFTESA-N,0,antagonist,1.0,,O=C(c1ccccc1-c1ncccn1)N1[C@@H]2CC[C@H]1[C@H](Nc1ccccn1)C2,100
CHEMBL4750440,O=C(c1ccccc1-c1ncccn1)N1[C@@H]2CC[C@H]1[C@H](Nc1cnc(C(F)(F)F)cn1)C2,INBVGVYJGNXKID-XYPHTWIQSA-N,0,antagonist,1.0,,O=C(c1ccccc1-c1ncccn1)N1[C@@H]2CC[C@H]1[C@H](Nc1cnccn1)C2,101
CHEMBL4752792,O=C(c1cccc(F)c1-c1ncccn1)N1[C@@H]2CC[C@H]1[C@H](Nc1ncc(C(F)(F)F)cc1F)C2,BDRBQQPLBCKTIO-XWIAVFTESA-N,0,antagonist,1.0,,O=C(c1ccccc1-c1ncccn1)N1[C@@H]2CC[C@H]1[C@H](Nc1ccccn1)C2,102
CHEMBL4755620,CNS(=O)(=O)N[C@H]1C[C@@H](C)N(C(=O)OC)[C@H]1CO[C@H]1CC[C@@H](c2ccccc2)CC1,YLAIOQORXCTCRG-LGKHCZOZSA-N,1,agonist,1.0,,c1ccc([C@H]2CC[C@@H](OC[C@H]3CCCN3)CC2)cc1,103
CHEMBL4755979,Cc1oc([C@@H]2CC[C@@H](C)N(C(=O)c3ccccc3-n3nccn3)C2)nc1C(C)(C)O,BCWFFIRXHYZBQY-GDBMZVCRSA-N,0,antagonist,1.0,,O=C(c1ccccc1-n1nccn1)N1CCC[C@@H](c2ncco2)C1,104
CHEMBL4756711,CC[C@](C)(O)c1nc([C@@H]2CC[C@@H](C)N(C(=O)c3cscc3-n3nccn3)C2)oc1C,QIFHYQSASFBJSW-VWLHBSKXSA-N,0,antagonist,1.0,,O=C(c1cscc1-n1nccn1)N1CCC[C@@H](c2ncco2)C1,105
CHEMBL4757132,O=C(c1cccc(F)c1-c1ncccn1)N1C2CCC1C(Oc1cnc(C(F)(F)F)cn1)C2,ZDDXQIUMQYDLCQ-UHFFFAOYSA-N,0,antagonist,1.0,,O=C(c1ccccc1-c1ncccn1)N1C2CCC1C(Oc1cnccn1)C2,106
CHEMBL4783256,CNS(=O)(=O)N[C@H]1C[C@@H](C)N(C(=O)OC)[C@H]1CO[C@H]1CC[C@@H](c2cccc(F)c2)CC1,XNWYHWRAYIPYKI-XEGUMIITSA-N,1,agonist,1.0,,c1ccc([C@H]2CC[C@@H](OC[C@H]3CCCN3)CC2)cc1,107
CHEMBL4786307,O=C(c1cccc(F)c1-c1ncccn1)N1[C@@H]2CC[C@H]1[C@H](Nc1cnc(C(F)(F)F)cn1)C2,NWUAUSABGZEYEW-WQVCFCJDSA-N,0,antagonist,1.0,,O=C(c1ccccc1-c1ncccn1)N1[C@@H]2CC[C@H]1[C@H](Nc1cnccn1)C2,108
CHEMBL4789372,C[C@@H]1CC[C@@H](c2nc(CN(C)C)c(-c3ccccc3)o2)CN1C(=O)c1ccccc1-n1nccn1,JKPFXWCWKYDCSB-TZIWHRDSSA-N,0,antagonist,1.0,,O=C(c1ccccc1-n1nccn1)N1CCC[C@@H](c2ncc(-c3ccccc3)o2)C1,109
CHEMBL4790356,[2H][C@@H]1C[C@@H](OC[C@H]2[C@@H](NS(=O)(=O)N(C)C)C[C@@H](C)N2C(=O)OC)CC[C@@]1([2H])c1cccc(F)c1,VRCBPPQSWQSLSW-QQQLQBHZSA-N,1,agonist,1.0,,c1ccc(C2CCC(OC[C@H]3CCCN3)CC2)cc1,110
CHEMBL4794408,COC(=O)c1nc([C@@H]2CC[C@@H](C)N(C(=O)c3ccccc3-n3nccn3)C2)oc1-c1ccccc1,AZIMZRYVUDARIJ-IEBWSBKVSA-N,0,antagonist,1.0,,O=C(c1ccccc1-n1nccn1)N1CCC[C@@H](c2ncc(-c3ccccc3)o2)C1,111
CHEMBL4794726,CCOc1ccccc1C(=O)N1C[C@H](c2nc(C(C)(C)O)c(C)o2)CC[C@H]1C,SKJTYOPFRSHHKZ-GDBMZVCRSA-N,0,antagonist,1.0,,O=C(c1ccccc1)N1CCC[C@@H](c2ncco2)C1,112
CHEMBL4797068,O=C(c1cc(F)ccc1-c1ncccn1)N1[C@@H]2CC[C@H]1[C@H](Nc1cnc(C(F)(F)F)cn1)C2,FIOLWNKABYNAOW-XYPHTWIQSA-N,0,antagonist,1.0,,O=C(c1ccccc1-c1ncccn1)N1[C@@H]2CC[C@H]1[C@H](Nc1cnccn1)C2,113
CHEMBL4797142,COC(=O)C1(C)CC1c1coc([C@@H]2CC[C@@H](C)N(C(=O)c3ccccc3-n3nccn3)C2)n1,LCFNKEOIAZLRBA-BAZDSOKHSA-N,0,antagonist,1.0,,O=C(c1ccccc1-n1nccn1)N1CCC[C@@H](c2nc(C3CC3)co2)C1,114
CHEMBL4798102,O=C(c1cccn2ccnc12)N1CCC(F)(F)[C@@H](Oc2ccc3ccccc3n2)C1,OAATXFVQEMAHDA-SFHVURJKSA-N,0,antagonist,1.0,,O=C(c1cccn2ccnc12)N1CCC[C@@H](Oc2ccc3ccccc3n2)C1,115
CHEMBL4799832,CNS(=O)(=O)N[C@H]1C[C@@H](C)N(C(=O)OC)[C@H]1CO[C@H]1CC[C@@H](c2cc(F)ccc2F)CC1,PGWXJDASJLKIBW-RXUQYVRZSA-N,1,agonist,1.0,,c1ccc([C@H]2CC[C@@H](OC[C@H]3CCCN3)CC2)cc1,116
CHEMBL5070320,COc1ccc(-c2cccc(C(=O)N(C)Cc3ccncc3)c2)cc1S(=O)(=O)Nc1cccc(NCCNC(=O)c2cccc(C)c2)c1,WIANBLHLJZGLLG-UHFFFAOYSA-N,1,agonist,1.0,,O=C(NCCNc1cccc(NS(=O)(=O)c2cccc(-c3cccc(C(=O)NCc4ccncc4)c3)c2)c1)c1ccccc1,117
CHEMBL5072262,CCOC(=O)N1CCC[C@H](NS(C)(=O)=O)[C@@H]1CO[C@H]1CC[C@@H](c2ccccc2)CC1,GHZYGSCCYQLHKJ-WOZUAGRISA-N,1,agonist,1.0,,c1ccc([C@H]2CC[C@@H](OC[C@H]3CCCCN3)CC2)cc1,118
CHEMBL5075103,COC(=O)N1[C@H](C)C[C@H](NS(C)(=O)=O)[C@@H]1CO[C@H]1CC[C@@H](c2cccc(F)c2)CC1,ACSVNGQNRFCIFV-XEGUMIITSA-N,1,agonist,1.0,,c1ccc([C@H]2CC[C@@H](OC[C@H]3CCCN3)CC2)cc1,119
CHEMBL5075230,COc1ccc(-c2cc(C(=O)N(C)C)cs2)cc1S(=O)(=O)Nc1cccc(NCCNC(=O)c2cccc(C)c2)c1,RJVFPRRKAKVBCE-UHFFFAOYSA-N,1,agonist,1.0,,O=C(NCCNc1cccc(NS(=O)(=O)c2cccc(-c3cccs3)c2)c1)c1ccccc1,120
CHEMBL5075508,COc1ccc(-c2cncc(C(=O)N(C)C)c2)cc1S(=O)(=O)Nc1cccc(NCCNC(=O)c2cccc(C)c2)c1,BVNNUYPDXMUKRO-UHFFFAOYSA-N,1,agonist,1.0,,O=C(NCCNc1cccc(NS(=O)(=O)c2cccc(-c3cccnc3)c2)c1)c1ccccc1,121
CHEMBL5078948,CCN(CC)c1cccc(-c2ccc(OC)c(S(=O)(=O)Nc3cccc(NCCNC(=O)c4ccccc4N(C)C)c3)c2)c1,DRWABAQNYIWVBP-UHFFFAOYSA-N,1,agonist,1.0,,O=C(NCCNc1cccc(NS(=O)(=O)c2cccc(-c3ccccc3)c2)c1)c1ccccc1,122
CHEMBL5080486,COc1ccc(-c2cccc(C(=O)N(C)CCc3ccccn3)c2)cc1S(=O)(=O)Nc1cccc(NCCNC(=O)c2cccc(C)c2)c1,ZHBHQVFZEHBCQK-UHFFFAOYSA-N,1,agonist,1.0,,O=C(NCCNc1cccc(NS(=O)(=O)c2cccc(-c3cccc(C(=O)NCCc4ccccn4)c3)c2)c1)c1ccccc1,123
CHEMBL5081645,COc1ccc(-c2csc(C(=O)N(C)C)n2)cc1S(=O)(=O)Nc1cccc(NCCNC(=O)c2cccc(C)c2)c1,CJICLZZRCICGHD-UHFFFAOYSA-N,1,agonist,1.0,,O=C(NCCNc1cccc(NS(=O)(=O)c2cccc(-c3cscn3)c2)c1)c1ccccc1,124
CHEMBL5082069,COc1ccc(-c2cccc(C(=O)N(C)CCN(C)C)c2)cc1S(=O)(=O)Nc1cccc(NCCNC(=O)c2cccc(C)c2)c1,TTYBEFMUPWUSJY-UHFFFAOYSA-N,1,agonist,1.0,,O=C(NCCNc1cccc(NS(=O)(=O)c2cccc(-c3ccccc3)c2)c1)c1ccccc1,125
CHEMBL5082357,COc1ccc(-c2cccc(C(=O)N3CCCCC3)c2)cc1S(=O)(=O)Nc1cccc(NCCNC(=O)c2ccccc2N(C)C)c1,GISVSZPKNJCVCN-UHFFFAOYSA-N,1,agonist,1.0,,O=C(NCCNc1cccc(NS(=O)(=O)c2cccc(-c3cccc(C(=O)N4CCCCC4)c3)c2)c1)c1ccccc1,126
CHEMBL5082665,CC(=O)N1CCC[C@H](NS(C)(=O)=O)[C@@H]1CO[C@H]1CC[C@@H](c2ccccc2)CC1,JYJTZUGIUWJJIK-WOZUAGRISA-N,1,agonist,1.0,,c1ccc([C@H]2CC[C@@H](OC[C@H]3CCCCN3)CC2)cc1,127
CHEMBL5082761,COc1ccc(-c2cccc(C(=O)N3CCCC3)c2)cc1S(=O)(=O)Nc1cccc(NCCNC(=O)c2ccccc2N(C)C)c1,RNUXBGMNIFGXPW-UHFFFAOYSA-N,1,agonist,1.0,,O=C(NCCNc1cccc(NS(=O)(=O)c2cccc(-c3cccc(C(=O)N4CCCC4)c3)c2)c1)c1ccccc1,128
CHEMBL5083054,COc1ccc(-c2cccc(C(=O)N(C)C)c2)cc1S(=O)(=O)Nc1cccc(NCCCNC(=O)c2cccc(C)c2)c1,DUHQSSMVRNELCD-UHFFFAOYSA-N,1,agonist,1.0,,O=C(NCCCNc1cccc(NS(=O)(=O)c2cccc(-c3ccccc3)c2)c1)c1ccccc1,129
CHEMBL5083235,COc1ccc(-c2cccc(C(=O)NCc3ccccn3)c2)cc1S(=O)(=O)Nc1cccc(NCCNC(=O)c2cccc(C)c2)c1,XLYRZJRWGZKMSC-UHFFFAOYSA-N,1,agonist,1.0,,O=C(NCCNc1cccc(NS(=O)(=O)c2cccc(-c3cccc(C(=O)NCc4ccccn4)c3)c2)c1)c1ccccc1,130
CHEMBL5084444,CCS(=O)(=O)NC1CCCN(C(C)=O)C1COC1CCC(C(C)C)CC1,BXCHBUYDFXKLTP-UHFFFAOYSA-N,1,agonist,1.0,,C1CCC(OCC2CCCCN2)CC1,131
CHEMBL5084458,COc1ccc(-c2cccc(C(=O)N(C)Cc3ccccc3)c2)cc1S(=O)(=O)Nc1cccc(NCCNC(=O)c2cccc(C)c2)c1,LCCDICCIIOWTER-UHFFFAOYSA-N,1,agonist,1.0,,O=C(NCCNc1cccc(NS(=O)(=O)c2cccc(-c3cccc(C(=O)NCc4ccccc4)c3)c2)c1)c1ccccc1,132
CHEMBL5084798,COc1ccc(-c2cccc(C(=O)N(C)Cc3ccccn3)c2)cc1S(=O)(=O)Nc1cccc(NCCNC(=O)c2cccc(C)c2)c1,FNNBODIQDVXVRV-UHFFFAOYSA-N,1,agonist,1.0,,O=C(NCCNc1cccc(NS(=O)(=O)c2cccc(-c3cccc(C(=O)NCc4ccccn4)c3)c2)c1)c1ccccc1,133
CHEMBL5084909,COc1ccc(-c2cc(C(=O)N(C)C)ccn2)cc1S(=O)(=O)Nc1cccc(NCCNC(=O)c2cccc(C)c2)c1,AWWLPLGGILQPKC-UHFFFAOYSA-N,1,agonist,1.0,,O=C(NCCNc1cccc(NS(=O)(=O)c2cccc(-c3ccccn3)c2)c1)c1ccccc1,134
CHEMBL5085320,CC(=O)N1CCC[C@H](NS(=O)(=O)C(C)C)[C@@H]1CO[C@H]1CC[C@@H](C(C)C)CC1,KYMDPDRXJOEXIR-YRPNKDGESA-N,1,agonist,1.0,,C1CCC(OC[C@H]2CCCCN2)CC1,135
CHEMBL5085597,CCS(=O)(=O)N[C@H]1CCCN(C(C)=O)[C@H]1CO[C@H]1CC[C@@H](C(C)C)CC1,BXCHBUYDFXKLTP-RDGPPVDQSA-N,1,agonist,1.0,,C1CCC(OC[C@H]2CCCCN2)CC1,136
CHEMBL5085916,CC(=O)N1CCC[C@H](NS(C)(=O)=O)[C@@H]1CO[C@H]1CC[C@@H](C(C)C)CC1,AOMXASJNOXDGQS-MHORFTMASA-N,1,agonist,1.0,,C1CCC(OC[C@H]2CCCCN2)CC1,137
CHEMBL5085975,COc1ccc(-c2cccc(C(=O)N(C)C)c2)cc1S(=O)(=O)Nc1cccc(NCC(C)NC(=O)c2cccc(C)c2)c1,DGUKYJGWBQBUSU-UHFFFAOYSA-N,1,agonist,1.0,,O=C(NCCNc1cccc(NS(=O)(=O)c2cccc(-c3ccccc3)c2)c1)c1ccccc1,138
CHEMBL5086009,COc1ccc(-c2cccc(C(=O)N(C)C)n2)cc1S(=O)(=O)Nc1cccc(NCCNC(=O)c2cccc(C)c2)c1,WKSWITOUPJYOBQ-UHFFFAOYSA-N,1,agonist,1.0,,O=C(NCCNc1cccc(NS(=O)(=O)c2cccc(-c3ccccn3)c2)c1)c1ccccc1,139
CHEMBL5086127,COc1ccc(-c2cccc(CN(C)C)c2)cc1S(=O)(=O)Nc1cccc(NCCNC(=O)c2ccccc2N(C)C)c1,BPEUXQBJONDZHF-UHFFFAOYSA-N,1,agonist,1.0,,O=C(NCCNc1cccc(NS(=O)(=O)c2cccc(-c3ccccc3)c2)c1)c1ccccc1,140
CHEMBL5087233,COc1ccc(-c2ccnc(C(=O)N(C)C)c2)cc1S(=O)(=O)Nc1cccc(NCCNC(=O)c2cccc(C)c2)c1,OKRHSKXIJIQZKQ-UHFFFAOYSA-N,1,agonist,1.0,,O=C(NCCNc1cccc(NS(=O)(=O)c2cccc(-c3ccncc3)c2)c1)c1ccccc1,141
CHEMBL5087440,COc1ccc(-c2cccc(C(=O)N(C)Cc3ccncc3)c2)cc1C(=O)Nc1cccc(NCCNC(=O)c2cccc(C)c2)c1,TWAJJKNZPTXWJK-UHFFFAOYSA-N,1,agonist,1.0,,O=C(NCCNc1cccc(NC(=O)c2cccc(-c3cccc(C(=O)NCc4ccncc4)c3)c2)c1)c1ccccc1,142
CHEMBL5087774,COc1ccc(-c2cccc(C(=O)N(C)CCc3ccncc3)c2)cc1S(=O)(=O)Nc1cccc(NCCNC(=O)c2cccc(C)c2)c1,NCGVSVVLKIHANQ-UHFFFAOYSA-N,1,agonist,1.0,,O=C(NCCNc1cccc(NS(=O)(=O)c2cccc(-c3cccc(C(=O)NCCc4ccncc4)c3)c2)c1)c1ccccc1,143
CHEMBL5088323,CCC(=O)N1CCC[C@H](NS(C)(=O)=O)[C@@H]1CO[C@H]1CC[C@@H](c2ccccc2)CC1,UOTZWGSJNUWUJV-WOZUAGRISA-N,1,agonist,1.0,,c1ccc([C@H]2CC[C@@H](OC[C@H]3CCCCN3)CC2)cc1,144
CHEMBL5088669,COc1ccc(-c2cccc(N(C)C)c2)cc1S(=O)(=O)Nc1cccc(NCCNC(=O)c2ccccc2N(C)C)c1,IRMPTCDBRAACAO-UHFFFAOYSA-N,1,agonist,1.0,,O=C(NCCNc1cccc(NS(=O)(=O)c2cccc(-c3ccccc3)c2)c1)c1ccccc1,145
CHEMBL5089283,CCNC(=O)N1CCC[C@H](NS(C)(=O)=O)[C@@H]1CO[C@H]1CC[C@@H](c2ccccc2)CC1,GCSPLXQGOXYDRB-WOZUAGRISA-N,1,agonist,1.0,,c1ccc([C@H]2CC[C@@H](OC[C@H]3CCCCN3)CC2)cc1,146
CHEMBL5089335,CCCNC(=O)c1cccc(-c2ccc(OC)c(S(=O)(=O)Nc3cccc(NCCNC(=O)c4ccccc4N(C)C)c3)c2)c1,NMCIZLIOATYHKE-UHFFFAOYSA-N,1,agonist,1.0,,O=C(NCCNc1cccc(NS(=O)(=O)c2cccc(-c3ccccc3)c2)c1)c1ccccc1,147
CHEMBL5090790,COc1ccc(-c2cccc(C(=O)N(C)c3ccccn3)c2)cc1S(=O)(=O)Nc1cccc(NCCNC(=O)c2cccc(C)c2)c1,GFRCXSOXCUBJFD-UHFFFAOYSA-N,1,agonist,1.0,,O=C(NCCNc1cccc(NS(=O)(=O)c2cccc(-c3cccc(C(=O)Nc4ccccn4)c3)c2)c1)c1ccccc1,148
CHEMBL5091029,COc1ccc(-c2cccc(C(=O)NCCN(C)C)c2)cc1S(=O)(=O)Nc1cccc(NCCNC(=O)c2cccc(C)c2)c1,BZLLPQORIPMPMN-UHFFFAOYSA-N,1,agonist,1.0,,O=C(NCCNc1cccc(NS(=O)(=O)c2cccc(-c3ccccc3)c2)c1)c1ccccc1,149
CHEMBL5091326,COc1ccc(-c2cccc(C(=O)N(C)C)c2)cc1S(=O)(=O)Nc1cccc(CCNC(=O)c2ccccc2-n2nccn2)c1,AMTAVIZAVFJXIJ-UHFFFAOYSA-N,1,agonist,1.0,,O=C(NCCc1cccc(NS(=O)(=O)c2cccc(-c3ccccc3)c2)c1)c1ccccc1-n1nccn1,150
CHEMBL5091377,CCCS(=O)(=O)N[C@H]1CCCN(C(C)=O)[C@H]1CO[C@H]1CC[C@@H](C(C)C)CC1,PGPHOCNBEFFTNM-YRPNKDGESA-N,1,agonist,1.0,,C1CCC(OC[C@H]2CCCCN2)CC1,151
CHEMBL5091864,CC(=O)N1CCC[C@H](NS(C)(=O)=O)[C@@H]1CO[C@H]1CC[C@@H](C)CC1,IABNEMZFAGHVLK-UKMLZYKCSA-N,1,agonist,1.0,,C1CCC(OC[C@H]2CCCCN2)CC1,152
CHEMBL5092182,COc1ccc(-c2csc(C(=O)N(C)C)c2)cc1S(=O)(=O)Nc1cccc(NCCNC(=O)c2cccc(C)c2)c1,VBXMNHVQADZGMH-UHFFFAOYSA-N,1,agonist,1.0,,O=C(NCCNc1cccc(NS(=O)(=O)c2cccc(-c3ccsc3)c2)c1)c1ccccc1,153
CHEMBL5092277,COc1ccc(-c2cccc(C(=O)N(C)C)c2)cc1S(=O)(=O)Nc1cccc(NCCCNC(=O)c2ccccc2N(C)C)c1,UYNRZZOQXGZCHQ-UHFFFAOYSA-N,1,agonist,1.0,,O=C(NCCCNc1cccc(NS(=O)(=O)c2cccc(-c3ccccc3)c2)c1)c1ccccc1,154
CHEMBL5092370,CCN(CC)C(=O)c1cccc(-c2ccc(OC)c(S(=O)(=O)Nc3cccc(NCCNC(=O)c4ccccc4N(C)C)c3)c2)c1,MXBYSOQCWOUEKI-UHFFFAOYSA-N,1,agonist,1.0,,O=C(NCCNc1cccc(NS(=O)(=O)c2cccc(-c3ccccc3)c2)c1)c1ccccc1,155
CHEMBL5092923,CS(=O)(=O)N[C@H]1CCCN[C@H]1CO[C@H]1CC[C@@H](c2ccccc2)CC1,GWXIWAAZEKCXMJ-RDGPPVDQSA-N,1,agonist,1.0,,c1ccc([C@H]2CC[C@@H](OC[C@H]3CCCCN3)CC2)cc1,156
CHEMBL5093957,COc1ccc(-c2cccc(C(=O)N(C)C)c2)cc1S(=O)(=O)Nc1cccc(NCC(C)NC(=O)c2ccccc2N(C)C)c1,NLCKGCWJWABOKP-UHFFFAOYSA-N,1,agonist,1.0,,O=C(NCCNc1cccc(NS(=O)(=O)c2cccc(-c3ccccc3)c2)c1)c1ccccc1,157
CHEMBL5094915,COc1ccc(-c2cccc(C(=O)N(C)Cc3cccnc3)c2)cc1S(=O)(=O)Nc1cccc(NCCNC(=O)c2cccc(C)c2)c1,RCIRUDLVTXPQQZ-UHFFFAOYSA-N,1,agonist,1.0,,O=C(NCCNc1cccc(NS(=O)(=O)c2cccc(-c3cccc(C(=O)NCc4cccnc4)c3)c2)c1)c1ccccc1,158
CHEMBL5169635,CCN(C(=O)NC[C@H]1COCC(=O)N1)[C@H](C)c1cccc(-c2cn3ccnc3c(OC)n2)c1,LLTFOCDCBJJRPK-QAPCUYQASA-N,1,agonist,1.0,,O=C1COC[C@H](CNC(=O)NCc2cccc(-c3cn4ccnc4cn3)c2)N1,159
CHEMBL5170597,COc1ccc(-c2cccc(C(=O)N(C)C)c2)cc1S(=O)(=O)Nc1ccc2cccc(NC(=O)c3ccccc3)c2c1,QIQCFGKZXZPCTC-UHFFFAOYSA-N,1,agonist,1.0,,O=C(Nc1cccc2ccc(NS(=O)(=O)c3cccc(-c4ccccc4)c3)cc12)c1ccccc1,160
CHEMBL5171076,COc1ccc(CC(=O)N(C)C2CCCc3ccc(NS(=O)(=O)c4cc(-c5cccc(C(=O)N(C)C)c5)ccc4OC)cc32)cc1,AUBQSRXATQWTBD-UHFFFAOYSA-N,1,agonist,1.0,,O=C(Cc1ccccc1)NC1CCCc2ccc(NS(=O)(=O)c3cccc(-c4ccccc4)c3)cc21,161
CHEMBL5171636,CCN(C(=O)N[C@@H](CCC(F)(F)F)C(F)(F)F)[C@H](C)c1cccc(-c2ccc3nccn3c2)c1,MTADIKRUSNRSEU-BEFAXECRSA-N,1,agonist,1.0,,c1ccc(-c2ccc3nccn3c2)cc1,162
CHEMBL5171902,COc1cccc(C(=O)N(C)c2c(C)ccc3ccc(NS(=O)(=O)c4cc(-c5cccc(C(=O)N(C)C)c5)ccc4OC)cc23)c1,MWYZJAXNKVNHOZ-UHFFFAOYSA-N,1,agonist,1.0,,O=C(Nc1cccc2ccc(NS(=O)(=O)c3cccc(-c4ccccc4)c3)cc12)c1ccccc1,163
CHEMBL5172765,COc1ccc(C(=O)Nc2cccc([C@@]3(C)O[C@@H]4CO[C@H]5N4[C@@H]3O[C@]5(C)c3cccc(NC(=O)c4ccc(OC)cc4)c3)c2)cc1,CEFZLJAZLPOVTE-VNCSWJDHSA-N,0,antagonist,1.0,,O=C(Nc1cccc(C2O[C@@H]3C(c4cccc(NC(=O)c5ccccc5)c4)O[C@@H]4CO[C@H]2N34)c1)c1ccccc1,164
CHEMBL5173902,CCN(C(=O)N[C@@H](CCC(F)(F)F)C(F)(F)F)[C@@H](c1cc(-c2cc(OC)c3ncn(C)c3c2)c(OC)cn1)C(F)(F)F,VLXVMMFUHZFPQE-FPOVZHCZSA-N,1,agonist,1.0,,c1cc(-c2ccc3nc[nH]c3c2)ccn1,165
CHEMBL5174113,COc1ccc(C(=O)Nc2cccc([C@]3(C)O[C@H]4CO[C@@H]5N4[C@H]3O[C@@]5(C)c3cccc(NC(=O)c4ccc(OC)cc4)c3)c2)cc1,CEFZLJAZLPOVTE-WMUVQLMLSA-N,0,antagonist,1.0,,O=C(Nc1cccc(C2O[C@H]3C(c4cccc(NC(=O)c5ccccc5)c4)O[C@H]4CO[C@@H]2N43)c1)c1ccccc1,166
CHEMBL5174799,COc1cccc(C(=O)Nc2c(C)ccc3ccc(NS(=O)(=O)c4cc(-c5cccc(C(=O)N(C)C)c5)ccc4OC)cc23)c1,AIDQVIXFFODAGI-UHFFFAOYSA-N,1,agonist,1.0,,O=C(Nc1cccc2ccc(NS(=O)(=O)c3cccc(-c4ccccc4)c3)cc12)c1ccccc1,167
CHEMBL5175108,C[C@@]1(c2cccc(NC(=O)c3ccccc3)c2)O[C@H]2CO[C@@H]3N2[C@H]1O[C@@]3(C)c1cccc(NC(=O)c2ccccc2)c1,RVRKAFDLIHFNFY-KMACTHOASA-N,0,antagonist,1.0,,O=C(Nc1cccc(C2O[C@H]3C(c4cccc(NC(=O)c5ccccc5)c4)O[C@H]4CO[C@@H]2N43)c1)c1ccccc1,168
CHEMBL5175413,CCCN(C(=O)Cc1cccc(OC)c1)C1CCCc2ccc(NS(=O)(=O)c3cc(-c4cccc(C(=O)N(C)C)c4)ccc3OC)cc21,CQKFALOLZLFXNV-UHFFFAOYSA-N,1,agonist,1.0,,O=C(Cc1ccccc1)NC1CCCc2ccc(NS(=O)(=O)c3cccc(-c4ccccc4)c3)cc21,169
CHEMBL5175431,CCN(C(=O)N[C@@H](C1CCCC(F)(F)C1)C(F)(F)F)[C@H](C)c1cccc(-c2cn3ccnc3c(OC)n2)c1,ASMFYWPVOKVIDT-SZBOGAFOSA-N,1,agonist,1.0,,O=C(NCc1cccc(-c2cn3ccnc3cn2)c1)NCC1CCCCC1,170
CHEMBL5175432,COc1cccc(C(=O)Nc2cccc3ccc(NS(=O)(=O)c4cc(-c5cccc(C(=O)N(C)C)c5)ccc4OC)cc23)c1,RHMGRPVSNOOTPE-UHFFFAOYSA-N,1,agonist,1.0,,O=C(Nc1cccc2ccc(NS(=O)(=O)c3cccc(-c4ccccc4)c3)cc12)c1ccccc1,171
CHEMBL5175830,C[C@@]1(c2cccc(NC(=O)c3ccccn3)c2)O[C@H]2CO[C@@H]3N2[C@H]1O[C@@]3(C)c1cccc(NC(=O)c2ccccn2)c1,HDOBFJAGHGMUMY-LJEIBCANSA-N,0,antagonist,1.0,,O=C(Nc1cccc(C2O[C@H]3C(c4cccc(NC(=O)c5ccccn5)c4)O[C@H]4CO[C@@H]2N43)c1)c1ccccn1,172
CHEMBL5176007,COc1cccc(C(=O)N(C)c2cccc3ccc(NS(=O)(=O)c4cc(-c5cccc(C(=O)N(C)C)c5)ccc4OC)cc23)c1,SUASABZOFHVKPN-UHFFFAOYSA-N,1,agonist,1.0,,O=C(Nc1cccc2ccc(NS(=O)(=O)c3cccc(-c4ccccc4)c3)cc12)c1ccccc1,173
CHEMBL5176560,C[C@@]1(c2cccc(NC(=O)c3cccnc3)c2)O[C@H]2CO[C@@H]3N2[C@H]1O[C@@]3(C)c1cccc(NC(=O)c2cccnc2)c1,GCTCPNHMOPKFIC-LJEIBCANSA-N,0,antagonist,1.0,,O=C(Nc1cccc(C2O[C@H]3C(c4cccc(NC(=O)c5cccnc5)c4)O[C@H]4CO[C@@H]2N43)c1)c1cccnc1,174
CHEMBL5176663,CCN1C(=O)N[C@@H](CCC(C)(F)F)CCOCCOc2nc(cc3ccnn23)-c2cc(ncc2OC)[C@H]1C,PGNHVYRQJPGZAU-MSOLQXFVSA-N,1,agonist,1.0,,O=C1NCCCOCCOc2nc(cc3ccnn23)-c2ccnc(c2)CN1,175
CHEMBL5177846,CC1CC(NS(C)(=O)=O)C2COC3CCC(CC3)c3nc(c(F)cc3F)OCCOC(=O)N12,AHDQPITWFVUJKR-UHFFFAOYSA-N,1,agonist,1.0,,O=C1OCCOc2cccc(n2)C2CCC(CC2)OCC2CCCN12,176
CHEMBL5179094,CCN(C(=O)NC1(C(F)(F)F)CCC1)[C@@H](c1cc(-c2cn3ccnc3c(OC)n2)c(OC)cn1)C(F)(F)F,GOHAKGBEAUBDLP-KRWDZBQOSA-N,1,agonist,1.0,,O=C(NCc1cc(-c2cn3ccnc3cn2)ccn1)NC1CCC1,177
CHEMBL5179969,COc1ccc(-c2cccc(C(=O)N(C)C)c2)cc1S(=O)(=O)Nc1ccc2cccc(N(C)C(=O)c3ccccc3)c2c1,MEFWUBSRJLRTEK-UHFFFAOYSA-N,1,agonist,1.0,,O=C(Nc1cccc2ccc(NS(=O)(=O)c3cccc(-c4ccccc4)c3)cc12)c1ccccc1,178
CHEMBL5180121,CCN(C(=O)N[C@@H](CCC(F)(F)F)C(F)(F)F)C(c1cc(-c2cc(OC)c3nccn3n2)c(OC)cn1)C(F)(F)F,OIDIFRVDOSYDEZ-ZENAZSQFSA-N,1,agonist,1.0,,c1cc(-c2ccc3nccn3n2)ccn1,179
CHEMBL5180145,COc1ccc(-c2cccc(C(=O)N(C)C)c2)cc1S(=O)(=O)Nc1ccc2c(c1)C(N(C)C(=O)Cc1ccccc1)CCC2,FCIJDCSSCKRINT-UHFFFAOYSA-N,1,agonist,1.0,,O=C(Cc1ccccc1)NC1CCCc2ccc(NS(=O)(=O)c3cccc(-c4ccccc4)c3)cc21,180
CHEMBL5181519,C[C@@]1(c2cccc(NC(=O)c3ccncc3)c2)O[C@H]2CO[C@@H]3N2[C@H]1O[C@@]3(C)c1cccc(NC(=O)c2ccncc2)c1,KELBLERTZGHUSW-LJEIBCANSA-N,0,antagonist,1.0,,O=C(Nc1cccc(C2O[C@H]3C(c4cccc(NC(=O)c5ccncc5)c4)O[C@H]4CO[C@@H]2N43)c1)c1ccncc1,181
CHEMBL5182672,CCN1C(=O)N[C@@H](CCC(C)(F)F)COCCCOc2nc(cc3ccnn23)-c2cc(ncc2OC)[C@H]1C,VAULSDDAUYFKCE-MSOLQXFVSA-N,1,agonist,1.0,,O=C1NCCOCCCOc2nc(cc3ccnn23)-c2ccnc(c2)CN1,182
CHEMBL5183051,CCN1C(=O)N[C@@H](CCC(F)(F)F)CCOCCOc2nc(cc3ccnn23)-c2cc(ncc2OC)[C@H]1C,NQJMQVMEPBABFR-SJORKVTESA-N,1,agonist,1.0,,O=C1NCCCOCCOc2nc(cc3ccnn23)-c2ccnc(c2)CN1,183
CHEMBL5183223,CCN1C(=O)N[C@@H](CCC(C)(F)F)CCOCCOc2nc(cc3ccnn23)-c2ccnc(c2)[C@H]1C,YUARDLVSUBRLFK-MJGOQNOKSA-N,1,agonist,1.0,,O=C1NCCCOCCOc2nc(cc3ccnn23)-c2ccnc(c2)CN1,184
CHEMBL5183871,CC[C@H](CC(F)(F)F)NC(=O)N(CC)C(c1cc(-c2cn3ccnc3c(OC)n2)c(OC)cn1)C(C)(F)F,UPRYKUIFRBALAJ-MJTSIZKDSA-N,1,agonist,1.0,,c1cc(-c2cn3ccnc3cn2)ccn1,185
CHEMBL5184107,CCN(C(=O)NC(Cn1nccn1)C(F)(F)F)[C@H](C)c1cccc(-c2cn3ccnc3c(OC)n2)c1,DWZTZJYICKBFPW-NYRJJRHWSA-N,1,agonist,1.0,,O=C(NCCn1nccn1)NCc1cccc(-c2cn3ccnc3cn2)c1,186
CHEMBL5184945,COc1ccc(-c2cccc(C(=O)N(C)C)c2)cc1S(=O)(=O)Nc1ccc2c(c1)C(N(C)C(=O)C1CCCCC1)CCC2,KLABFLKPWCVSRA-UHFFFAOYSA-N,1,agonist,1.0,,O=C(NC1CCCc2ccc(NS(=O)(=O)c3cccc(-c4ccccc4)c3)cc21)C1CCCCC1,187
CHEMBL5185441,CN(C)c1cccc([C@]2(C)O[C@H]3CO[C@@H]4N3[C@H]2O[C@@]4(C)c2cccc(N(C)C)c2)c1,RCFLTVBXTXMLIM-LSBAASHUSA-N,0,antagonist,1.0,,c1ccc(C2O[C@H]3C(c4ccccc4)O[C@H]4CO[C@@H]2N43)cc1,188
CHEMBL5186755,COc1cccc(CC(=O)NC2CCCc3ccc(NS(=O)(=O)c4cc(-c5cccc(C(=O)N(C)C)c5)ccc4OC)cc32)c1,FVCVSGMGPAHFBT-UHFFFAOYSA-N,1,agonist,1.0,,O=C(Cc1ccccc1)NC1CCCc2ccc(NS(=O)(=O)c3cccc(-c4ccccc4)c3)cc21,189
CHEMBL5187194,COc1cccc(CC(=O)OC2CCCc3ccc(NS(=O)(=O)c4cc(-c5cccc(C(=O)N(C)C)c5)ccc4OC)cc32)c1,JXNSEEZSSPOGPN-UHFFFAOYSA-N,1,agonist,1.0,,O=C(Cc1ccccc1)OC1CCCc2ccc(NS(=O)(=O)c3cccc(-c4ccccc4)c3)cc21,190
CHEMBL5187376,COc1cccc(CC(=O)N(CC2CC2)C2CCCc3ccc(NS(=O)(=O)c4cc(-c5cccc(C(=O)N(C)C)c5)ccc4OC)cc32)c1,INSNGTFXDDOTII-UHFFFAOYSA-N,1,agonist,1.0,,O=C(Cc1ccccc1)N(CC1CC1)C1CCCc2ccc(NS(=O)(=O)c3cccc(-c4ccccc4)c3)cc21,191
CHEMBL5187462,CCCCC(=O)N(C)C1CCCc2ccc(NS(=O)(=O)c3cc(-c4cccc(C(=O)N(C)C)c4)ccc3OC)cc21,QMTDZDZRPANYIK-UHFFFAOYSA-N,1,agonist,1.0,,O=S(=O)(Nc1ccc2c(c1)CCCC2)c1cccc(-c2ccccc2)c1,192
CHEMBL5189784,COc1ccc(-c2cccc(C(=O)N(C)C)c2)cc1S(=O)(=O)Nc1ccc2c(c1)C(N(C)C(=O)Cc1cccc(F)c1)CCC2,VPHHICAZTSKBJV-UHFFFAOYSA-N,1,agonist,1.0,,O=C(Cc1ccccc1)NC1CCCc2ccc(NS(=O)(=O)c3cccc(-c4ccccc4)c3)cc21,193
CHEMBL5190258,CCN(C(=O)N[C@@H](CCC(F)(F)F)C(F)(F)F)[C@H](C)c1cc(-c2cn3ccnc3c(OC)n2)c(OC)cn1,ITBXEGSPKUHVQU-ACJLOTCBSA-N,1,agonist,1.0,,c1cc(-c2cn3ccnc3cn2)ccn1,194
CHEMBL5190821,CC1CC(NS(=O)(=O)N(C)C)C2COC3CCC(CC3)c3cccc(c3)OCCOC(=O)N12,AHKAUACERUFWPY-UHFFFAOYSA-N,1,agonist,1.0,,O=C1OCCOc2cccc(c2)C2CCC(CC2)OCC2CCCN12,195
CHEMBL5191466,CCN(C(=O)N[C@@H](CCC(F)(F)F)C(F)(F)F)[C@H](C)c1cccc(-c2cc(OC)c3ncc(Cl)n3c2)c1,UCRYSHHYUHKRSO-KUHUBIRLSA-N,1,agonist,1.0,,c1ccc(-c2ccc3nccn3c2)cc1,196
CHEMBL5191910,CCN(C(=O)N[C@@H](CCC(F)(F)F)C(F)(F)F)C(C)c1ccnc(-c2cn3ccnc3c(OC)n2)n1,SAPWMOBTPHCLBU-CVRLYYSRSA-N,1,agonist,1.0,,c1cnc(-c2cn3ccnc3cn2)nc1,197
CHEMBL5192028,COc1ccc(-c2cccc(C(=O)N(C)C)c2)cc1S(=O)(=O)Nc1ccc2c(c1)C(N(C)C(=O)c1ccccc1)CCC2,LXWBRGZMMQAYIG-UHFFFAOYSA-N,1,agonist,1.0,,O=C(NC1CCCc2ccc(NS(=O)(=O)c3cccc(-c4ccccc4)c3)cc21)c1ccccc1,198
CHEMBL5192110,COc1ccc(C(=O)Nc2cccc(C3(C)OC4COC5N4C3OC5(C)c3cccc(NC(=O)c4ccc(OC)cc4)c3)c2)cc1,CEFZLJAZLPOVTE-UHFFFAOYSA-N,0,antagonist,1.0,,O=C(Nc1cccc(C2OC3C(c4cccc(NC(=O)c5ccccc5)c4)OC4COC2N43)c1)c1ccccc1,199
CHEMBL5192814,COc1cccc(CC(=O)N(C)[C@H]2CCCc3ccc(NS(=O)(=O)c4cc(-c5cccc(C(=O)N(C)C)c5)ccc4OC)cc32)c1,XONYJYAZEWRESR-YTTGMZPUSA-N,1,agonist,1.0,,O=C(Cc1ccccc1)N[C@H]1CCCc2ccc(NS(=O)(=O)c3cccc(-c4ccccc4)c3)cc21,200
CHEMBL5193254,COc1cccc(C(=O)Nc2cccc([C@]3(C)O[C@@H]4N5[C@H](CO[C@H]53)O[C@@]4(C)c3cccc(NC(=O)c4ccccc4)c3)c2)c1,KWZATPHLNBHNFW-VYKSXFOXSA-N,0,antagonist,1.0,,O=C(Nc1cccc(C2O[C@H]3C(c4cccc(NC(=O)c5ccccc5)c4)O[C@H]4CO[C@@H]2N43)c1)c1ccccc1,201
CHEMBL5194412,COc1cccc(CC(=O)N(C)c2cccc3ccc(NS(=O)(=O)c4cc(-c5cccc(C(=O)N(C)C)c5)ccc4OC)cc23)c1,ZAUUZIRLIWCWEF-UHFFFAOYSA-N,1,agonist,1.0,,O=C(Cc1ccccc1)Nc1cccc2ccc(NS(=O)(=O)c3cccc(-c4ccccc4)c3)cc12,202
CHEMBL5194511,COc1ccc(-c2cccc(C(=O)N(C)C)c2)cc1S(=O)(=O)Nc1ccc2c(c1)C(N(C)C(=O)Cc1cccc(O)c1)CCC2,PRKVEMBABPOWOC-UHFFFAOYSA-N,1,agonist,1.0,,O=C(Cc1ccccc1)NC1CCCc2ccc(NS(=O)(=O)c3cccc(-c4ccccc4)c3)cc21,203
CHEMBL5194793,CC1CC(NS(C)(=O)=O)C2COC3CCC(CC3)c3cccc(n3)OCCCOC(=O)N12,FHGPLEXQYXUKIC-UHFFFAOYSA-N,1,agonist,1.0,,O=C1OCCCOc2cccc(n2)C2CCC(CC2)OCC2CCCN12,204
CHEMBL5195414,C[C@@H]1C[C@H](NS(=O)(=O)N(C)C)[C@@H]2COC3CCC(CC3)c3ccccc3/C=C/OC(=O)N12,STIPETWZTMTJFW-WZOSIZDNSA-N,1,agonist,1.0,,O=C1O/C=C/c2ccccc2C2CCC(CC2)OC[C@H]2CCCN12,205
CHEMBL5196421,CCN(C(=O)N[C@@H]1CCCN(CC#N)C1)[C@H](C)c1cccc(-c2cn3ccnc3c(OC)n2)c1,AHYWJQUWZIMPQR-WIYYLYMNSA-N,1,agonist,1.0,,O=C(NCc1cccc(-c2cn3ccnc3cn2)c1)N[C@@H]1CCCNC1,206
CHEMBL5196538,CC1CC(NS(C)(=O)=O)C2COC3CCC(CC3)c3cccc(n3)OCCOC(=O)N12,WVFXYDZOGYLDMS-UHFFFAOYSA-N,1,agonist,1.0,,O=C1OCCOc2cccc(n2)C2CCC(CC2)OCC2CCCN12,207
CHEMBL5197252,COc1ccc(-c2cccc(C(=O)N(C)C)c2)cc1S(=O)(=O)Nc1ccc2c(c1)C(N(C)C(=O)CCc1ccccc1)CCC2,IXCIAEVFRWNKFU-UHFFFAOYSA-N,1,agonist,1.0,,O=C(CCc1ccccc1)NC1CCCc2ccc(NS(=O)(=O)c3cccc(-c4ccccc4)c3)cc21,208
CHEMBL5198385,CCN1C(=O)N[C@@H](c2cnc(C)s2)CCCCCOc2nc(cn3ccnc23)-c2cc(ncc2OC)[C@H]1C,ZYGDDUFFDBXRQV-YLJYHZDGSA-N,1,agonist,1.0,,O=C1NCc2cc(ccn2)-c2cn3ccnc3c(n2)OCCCCC[C@H](c2cncs2)N1,209
CHEMBL5198468,COc1ccc(-c2cccc(C(=O)N(C)C)c2)cc1S(=O)(=O)Nc1ccc2c(c1)C(N(C)C(=O)Cc1cccc(N(C)C)c1)CCC2,XVWAZIIFDSSFJE-UHFFFAOYSA-N,1,agonist,1.0,,O=C(Cc1ccccc1)NC1CCCc2ccc(NS(=O)(=O)c3cccc(-c4ccccc4)c3)cc21,210
CHEMBL5199362,C[C@@]1(c2cccc(NS(=O)(=O)c3ccccc3)c2)O[C@H]2CO[C@@H]3N2[C@H]1O[C@]3(C)c1ccc(NS(=O)(=O)c2ccccc2)cc1,FWDSDDUBGGLTLG-NRQMHRBESA-N,0,antagonist,1.0,,O=S(=O)(Nc1ccc(C2O[C@H]3C(c4cccc(NS(=O)(=O)c5ccccc5)c4)O[C@H]4CO[C@@H]2N43)cc1)c1ccccc1,211
CHEMBL5199597,COc1ccc(-c2cccc(C(=O)N(C)C)c2)cc1S(=O)(=O)Nc1ccc2c(c1)C(N(C)C(=O)Cc1cccnc1)CCC2,NWTFCQUYQYCEOJ-UHFFFAOYSA-N,1,agonist,1.0,,O=C(Cc1cccnc1)NC1CCCc2ccc(NS(=O)(=O)c3cccc(-c4ccccc4)c3)cc21,212
CHEMBL5200151,CC(C)(C)OC(=O)Nc1cccc([C@]2(C)O[C@H]3CO[C@@H]4N3[C@H]2O[C@@]4(C)c2cccc(NC(=O)OC(C)(C)C)c2)c1,HWPGSJXNDFFMTJ-VQVMIVEFSA-N,0,antagonist,1.0,,c1ccc(C2O[C@H]3C(c4ccccc4)O[C@H]4CO[C@@H]2N43)cc1,213
CHEMBL5200472,COc1ccc(CN(C)C2CCc3ccc(NS(=O)(=O)c4cc(-c5cccc(C(=O)N(C)C)c5)ccc4OC)cc32)cc1,AALQUECXBILQKO-UHFFFAOYSA-N,1,agonist,1.0,,O=S(=O)(Nc1ccc2c(c1)C(NCc1ccccc1)CC2)c1cccc(-c2ccccc2)c1,214
CHEMBL5200587,COc1ccccc1CC(=O)N(C)C1CCCc2ccc(NS(=O)(=O)c3cc(-c4cccc(C(=O)N(C)C)c4)ccc3OC)cc21,BYBSSFQICDINMK-UHFFFAOYSA-N,1,agonist,1.0,,O=C(Cc1ccccc1)NC1CCCc2ccc(NS(=O)(=O)c3cccc(-c4ccccc4)c3)cc21,215
CHEMBL5201030,CCN(C(=O)Cc1cccc(OC)c1)C1CCCc2ccc(NS(=O)(=O)c3cc(-c4cccc(C(=O)N(C)C)c4)ccc3OC)cc21,XSUFQYDPVJKPPD-UHFFFAOYSA-N,1,agonist,1.0,,O=C(Cc1ccccc1)NC1CCCc2ccc(NS(=O)(=O)c3cccc(-c4ccccc4)c3)cc21,216
CHEMBL5202328,CC[C@@H](NC(=O)N(CC)[C@H](C)c1cccc(-c2cn3ccnc3c(OC)n2)c1)C1CC(F)(F)CCO1,BFODNMSNJKVNLT-IKQMYLSPSA-N,1,agonist,1.0,,O=C(NCc1cccc(-c2cn3ccnc3cn2)c1)NCC1CCCCO1,217
CHEMBL5203080,COc1ccc(-c2cccc(C(=O)N(C)C)c2)cc1S(=O)(=O)Nc1ccc2c(c1)C(N(C)C(=O)Nc1ccccc1)CCC2,JFMYCCJMEOAUMO-UHFFFAOYSA-N,1,agonist,1.0,,O=C(Nc1ccccc1)NC1CCCc2ccc(NS(=O)(=O)c3cccc(-c4ccccc4)c3)cc21,218
CHEMBL5203334,CCN1C(=O)N[C@@H](C)CCCC2(CCOCC2)COc2nc(cn3ccnc23)-c2cc(ncc2OC)[C@H]1C,FZKCBXJFSVPJLC-VQTJNVASSA-N,1,agonist,1.0,,O=C1NCCCCC2(CCOCC2)COc2nc(cn3ccnc23)-c2ccnc(c2)CN1,219
CHEMBL5203737,COc1ccccc1C(=O)Nc1cccc([C@]2(C)O[C@@H]3N4[C@H](CO[C@H]42)O[C@@]3(C)c2cccc(NC(=O)c3ccccc3)c2)c1,PENNQVRJCWPIOY-VYKSXFOXSA-N,0,antagonist,1.0,,O=C(Nc1cccc(C2O[C@H]3C(c4cccc(NC(=O)c5ccccc5)c4)O[C@H]4CO[C@@H]2N43)c1)c1ccccc1,220
CHEMBL5203887,COc1cccc(CC(=O)N(C)[C@@H]2CCCc3ccc(NS(=O)(=O)c4cc(-c5cccc(C(=O)N(C)C)c5)ccc4OC)cc32)c1,XONYJYAZEWRESR-JGCGQSQUSA-N,1,agonist,1.0,,O=C(Cc1ccccc1)N[C@@H]1CCCc2ccc(NS(=O)(=O)c3cccc(-c4ccccc4)c3)cc21,221
CHEMBL5204003,CCOc1cccc(CC(=O)N(C)C2CCCc3ccc(NS(=O)(=O)c4cc(-c5cccc(C(=O)N(C)C)c5)ccc4OC)cc32)c1,RXVOJRINYVSUDX-UHFFFAOYSA-N,1,agonist,1.0,,O=C(Cc1ccccc1)NC1CCCc2ccc(NS(=O)(=O)c3cccc(-c4ccccc4)c3)cc21,222
CHEMBL5205313,COc1cccc(CC(=O)N(C)C2CCCc3ccc(NS(=O)(=O)c4cc(-c5cccc(C(=O)N(C)C)c5)ccc4OC)cc32)c1,XONYJYAZEWRESR-UHFFFAOYSA-N,1,agonist,1.0,,O=C(Cc1ccccc1)NC1CCCc2ccc(NS(=O)(=O)c3cccc(-c4ccccc4)c3)cc21,223
CHEMBL5205584,COc1cccc(C(=O)Nc2cccc([C@@]3(C)O[C@H]4CO[C@@H]5N4[C@H]3O[C@]5(C)c3cccc(NC(=O)c4ccccc4OC)c3)c2)c1,YJBXBJHGHOTWGH-SIJDRCJTSA-N,0,antagonist,1.0,,O=C(Nc1cccc(C2O[C@H]3C(c4cccc(NC(=O)c5ccccc5)c4)O[C@H]4CO[C@@H]2N43)c1)c1ccccc1,224
CHEMBL5206338,Cc1ccc2nc1C1CCC(CC1)OCC1C(NS(C)(=O)=O)CC(C)N1C(=O)OCCO2,NQKQGEGFPCILBI-UHFFFAOYSA-N,1,agonist,1.0,,O=C1OCCOc2cccc(n2)C2CCC(CC2)OCC2CCCN12,225
CHEMBL5208651,CCN(C(=O)N[C@@H](CCC(F)(F)F)C(F)(F)F)[C@H](C)c1cc(-c2cn3ccnc3c(OC)n2)c(=O)n(C)c1,ULVKXIPNGXNHJQ-DYVFJYSZSA-N,1,agonist,1.0,,O=c1[nH]cccc1-c1cn2ccnc2cn1,226
CHEMBL5208933,COc1ccc(C(=O)N(C)c2cccc3ccc(NS(=O)(=O)c4cc(-c5cccc(C(=O)N(C)C)c5)ccc4OC)cc23)cc1,UWAXEEBSTWFJEU-UHFFFAOYSA-N,1,agonist,1.0,,O=C(Nc1cccc2ccc(NS(=O)(=O)c3cccc(-c4ccccc4)c3)cc12)c1ccccc1,227
CHEMBL5267523,CCCS(=O)(=O)NC[C@@]1(C)O[C@@H]2CO[C@H]3N2[C@@H]1O[C@]3(C)CNS(=O)(=O)CCC,KKOVKGSQHZMKGG-OXGONZEZSA-N,1,agonist,1.0,,C1O[C@@H]2CO[C@@H]3CO[C@H]1N32,228
CHEMBL5271252,CC(C)(C)OC(=O)NC[C@@]1(C)O[C@@H]2CO[C@H]3N2[C@@H]1O[C@]3(C)CNC(=O)OC(C)(C)C,DGGLKYUWVUJLNM-YXPJTWJFSA-N,1,agonist,1.0,,C1O[C@@H]2CO[C@@H]3CO[C@H]1N32,229
CHEMBL5273739,CCCCCCCCS(=O)(=O)NC[C@@]1(C)O[C@@H]2CO[C@H]3N2[C@@H]1O[C@]3(C)CNS(=O)(=O)CCCCCCCC,RATYEQBHVVOPSV-ZFXZZAOISA-N,1,agonist,1.0,,C1O[C@@H]2CO[C@@H]3CO[C@H]1N32,230
CHEMBL5273790,Cc1ccc(-n2nccn2)c(C(=O)N2CCC[C@@H](COc3ccc(F)cn3)C2)c1,DNLONETYZDCELL-MRXNPFEDSA-N,0,antagonist,1.0,,O=C(c1ccccc1-n1nccn1)N1CCC[C@@H](COc2ccccn2)C1,231
CHEMBL5275530,CCCCCCCCS(=O)(=O)NC[C@]1(C)O[C@@H]2CO[C@H]3N2[C@@H]1O[C@@]3(C)CNS(=O)(=O)CCCCCCCC,RATYEQBHVVOPSV-OYHZZYGJSA-N,1,agonist,1.0,,C1O[C@@H]2CO[C@@H]3CO[C@H]1N32,232
CHEMBL5275698,CCCCS(=O)(=O)NC[C@@]1(C)O[C@@H]2CO[C@H]3N2[C@@H]1O[C@]3(C)CNS(=O)(=O)CCCC,RBCAQSXYNFWMCM-DUQPFJRNSA-N,1,agonist,1.0,,C1O[C@@H]2CO[C@@H]3CO[C@H]1N32,233
CHEMBL5278013,CC(C)(C)OC(=O)NC[C@]1(C)O[C@@H]2CO[C@H]3N2[C@@H]1O[C@@]3(C)CNC(=O)OC(C)(C)C,DGGLKYUWVUJLNM-QUUXKOAQSA-N,1,agonist,1.0,,C1O[C@@H]2CO[C@@H]3CO[C@H]1N32,234
CHEMBL5278966,CCCCCCCCS(=O)(=O)NC[C@@]1(C)O[C@H]2CO[C@@H]3N2[C@H]1O[C@]3(C)CNS(=O)(=O)CCCCCCCC,RATYEQBHVVOPSV-QWDLEPIUSA-N,1,agonist,1.0,,C1O[C@H]2CO[C@H]3CO[C@@H]1N32,235
CHEMBL5287067,C[C@]1(CNS(C)(=O)=O)O[C@@H]2CO[C@H]3N2[C@@H]1O[C@]3(C)CNS(C)(=O)=O,WBQNDQDCTACIFE-LZQZFOIKSA-N,1,agonist,1.0,,C1O[C@@H]2CO[C@@H]3CO[C@H]1N32,236
CHEMBL5393867,COc1cccc(CC(=O)N(C)[C@H]2CCCc3ccc(NS(=O)(=O)c4cc(/C=C/C(=O)Nc5ccncc5)ccc4OC)cc32)c1,CUXJBONFEXBSTQ-XLRZBZHBSA-N,1,agonist,1.0,,O=C(/C=C/c1cccc(S(=O)(=O)Nc2ccc3c(c2)[C@@H](NC(=O)Cc2ccccc2)CCC3)c1)Nc1ccncc1,237
CHEMBL5394185,COc1cccc(CC(=O)N(C)C2CCCc3ccc(NS(=O)(=O)c4ccccc4OC)cc32)c1,CJPCAMVWJRJSTF-UHFFFAOYSA-N,1,agonist,1.0,,O=C(Cc1ccccc1)NC1CCCc2ccc(NS(=O)(=O)c3ccccc3)cc21,238
CHEMBL5396114,COc1cccc(CC(=O)N(C)C2CCCc3ccc(NS(=O)(=O)c4cc(/C=C/C(=O)Nc5ccncc5)ccc4OC)cc32)c1,CUXJBONFEXBSTQ-RVDMUPIBSA-N,1,agonist,1.0,,O=C(/C=C/c1cccc(S(=O)(=O)Nc2ccc3c(c2)C(NC(=O)Cc2ccccc2)CCC3)c1)Nc1ccncc1,239
CHEMBL5397081,COc1cc(OC)nc(NCCN(CC2CC2)C(=O)c2nc(C3CC3)oc2-c2cccc(C)c2)n1,YDNOQERODFOXJI-UHFFFAOYSA-N,0,antagonist,1.0,,O=C(c1nc(C2CC2)oc1-c1ccccc1)N(CCNc1ncccn1)CC1CC1,240
CHEMBL5400403,Cc1cccc(-c2ocnc2C(=O)Nc2cnn(Cc3ccccc3)c2)c1,QPVKICIGNRWKJE-UHFFFAOYSA-N,0,antagonist,1.0,,O=C(Nc1cnn(Cc2ccccc2)c1)c1ncoc1-c1ccccc1,241
CHEMBL5403398,COc1cccc(CC(=O)N(C)C2CCCc3ccc(NS(=O)(=O)c4cc(/C=C/C(N)=O)ccc4OC)cc32)c1,DPABQWXVKAWCPJ-RVDMUPIBSA-N,1,agonist,1.0,,O=C(Cc1ccccc1)NC1CCCc2ccc(NS(=O)(=O)c3ccccc3)cc21,242
CHEMBL5403758,CC(C)C(=O)N1C(C)CN(S(=O)(=O)c2ccccc2)CC1C(=O)NCc1ccc(-c2ccco2)c(F)c1,FGVITNLHMXPEIQ-UHFFFAOYSA-N,1,agonist,1.0,,O=C(NCc1ccc(-c2ccco2)cc1)C1CN(S(=O)(=O)c2ccccc2)CCN1,243
CHEMBL5405864,CNC(=O)/C=C/c1ccc(OC)c(S(=O)(=O)Nc2ccc3c(c2)C(N(C)C(=O)Cc2cccc(OC)c2)CCC3)c1,GFTYHVCWEKQDJQ-FOWTUZBSSA-N,1,agonist,1.0,,O=C(Cc1ccccc1)NC1CCCc2ccc(NS(=O)(=O)c3ccccc3)cc21,244
CHEMBL5406322,COc1cccc(CC(=O)N(C)C2CCCc3ccc(NS(=O)(=O)c4cc(/C=C/C(=O)NCCN(C)C)ccc4OC)cc32)c1,LBRFHSUITQXHSN-GHRIWEEISA-N,1,agonist,1.0,,O=C(Cc1ccccc1)NC1CCCc2ccc(NS(=O)(=O)c3ccccc3)cc21,245
CHEMBL5407752,COc1cccc(CC(=O)N(C)C2CCCc3ccc(NS(=O)(=O)c4cc(/C=C/C(=O)Nc5ccccn5)ccc4OC)cc32)c1,MNIHPUJALPLIKH-NBVRZTHBSA-N,1,agonist,1.0,,O=C(/C=C/c1cccc(S(=O)(=O)Nc2ccc3c(c2)C(NC(=O)Cc2ccccc2)CCC3)c1)Nc1ccccn1,246
CHEMBL5409300,Cc1cc(-c2ccco2)c(F)cc1CNC(=O)C1CN(S(=O)(=O)c2ccccc2)CC(C)N1C(=O)C(C)C,XHHOBSJTSLUZJK-UHFFFAOYSA-N,1,agonist,1.0,,O=C(NCc1ccc(-c2ccco2)cc1)C1CN(S(=O)(=O)c2ccccc2)CCN1,247
CHEMBL5410302,COc1cccc(CC(=O)N(C)C2CCCc3ccc(NS(=O)(=O)c4cc(CCC(=O)N(C)C)ccc4OC)cc32)c1,FSDWMNQLRPNHQL-UHFFFAOYSA-N,1,agonist,1.0,,O=C(Cc1ccccc1)NC1CCCc2ccc(NS(=O)(=O)c3ccccc3)cc21,248
CHEMBL5410801,COc1cccc(CC(=O)N(C)C2CCCc3ccc(NS(=O)(=O)c4cc(/C=C/C(=O)N(C)c5ccncc5)ccc4OC)cc32)c1,MGKSJMYZDVGBDL-FOWTUZBSSA-N,1,agonist,1.0,,O=C(/C=C/c1cccc(S(=O)(=O)Nc2ccc3c(c2)C(NC(=O)Cc2ccccc2)CCC3)c1)Nc1ccncc1,249
CHEMBL5411141,COc1cccc(CC(=O)N(C)C2CCCc3ccc(NS(=O)(=O)c4cc(-c5ccccc5)ccc4OC)cc32)c1,ZVRWRGBSAHJCTI-UHFFFAOYSA-N,1,agonist,1.0,,O=C(Cc1ccccc1)NC1CCCc2ccc(NS(=O)(=O)c3cccc(-c4ccccc4)c3)cc21,250
CHEMBL5415291,COc1ccc2[nH]cc(CCn3cc(NC(=O)c4ccccc4-n4nccn4)cn3)c2c1,RWXWYBBNWMWQEJ-UHFFFAOYSA-N,0,antagonist,1.0,,O=C(Nc1cnn(CCc2c[nH]c3ccccc23)c1)c1ccccc1-n1nccn1,251
CHEMBL5415350,COc1cccc(CC(=O)N(C)C2CCCc3ccc(NS(=O)(=O)c4cc(/C=C/C(=O)Nc5cccnc5)ccc4OC)cc32)c1,AQOABJZISSUACA-GHRIWEEISA-N,1,agonist,1.0,,O=C(/C=C/c1cccc(S(=O)(=O)Nc2ccc3c(c2)C(NC(=O)Cc2ccccc2)CCC3)c1)Nc1cccnc1,252
CHEMBL5416623,Cc1ccc2c(C(=O)N(C)C)cc(S(=O)(=O)Nc3cccc(NCCNC(=O)c4cccc(C)c4)c3)c-2cc1,QIRVLBIVORZLIC-UHFFFAOYSA-N,0,antagonist,1.0,,O=C(NCCNc1cccc(NS(=O)(=O)c2ccc3cccccc2-3)c1)c1ccccc1,253
CHEMBL5417451,COc1cccc(CC(=O)N(C)[C@@H]2CCCc3ccc(NS(=O)(=O)c4cc(/C=C/C(=O)Nc5ccncc5)ccc4OC)cc32)c1,CUXJBONFEXBSTQ-YTUVCLRASA-N,1,agonist,1.0,,O=C(/C=C/c1cccc(S(=O)(=O)Nc2ccc3c(c2)[C@H](NC(=O)Cc2ccccc2)CCC3)c1)Nc1ccncc1,254
CHEMBL5418783,COc1ccc2[nH]cc(CCn3cc(NC(=O)c4nc(C)oc4-c4cccc(C)c4)cn3)c2c1,RSSTVCNCBAXDPR-UHFFFAOYSA-N,0,antagonist,1.0,,O=C(Nc1cnn(CCc2c[nH]c3ccccc23)c1)c1ncoc1-c1ccccc1,255
CHEMBL5420255,Cc1cc(-c2ccco2)ccc1CNC(=O)C1CN(S(=O)(=O)c2ccccc2)CC(C)N1C(=O)C(C)C,ZPKBFZUYCOSZGP-UHFFFAOYSA-N,1,agonist,1.0,,O=C(NCc1ccc(-c2ccco2)cc1)C1CN(S(=O)(=O)c2ccccc2)CCN1,256
CHEMBL5421250,COc1c(C#N)ccnc1N1C2CCC1CN(C(=O)c1cccnc1-n1cccn1)C2,TTWYDKRRYUJERD-UHFFFAOYSA-N,0,antagonist,1.0,,O=C(c1cccnc1-n1cccn1)N1CC2CCC(C1)N2c1ccccn1,257
CHEMBL5422241,CC(C)C(=O)N1C(C)CN(S(=O)(=O)c2ccccc2)CC1C(=O)NCc1ccc(-c2ccco2)cc1,PUEKMRWBWJJGTO-UHFFFAOYSA-N,1,agonist,1.0,,O=C(NCc1ccc(-c2ccco2)cc1)C1CN(S(=O)(=O)c2ccccc2)CCN1,258
CHEMBL5422351,COc1cccc(CC(=O)N(C)C2CCCc3ccc(NS(=O)(=O)c4cc(/C=C/C(=O)Nc5ccccc5)ccc4OC)cc32)c1,YRXQBHZRMFLDLJ-CAPFRKAQSA-N,1,agonist,1.0,,O=C(/C=C/c1cccc(S(=O)(=O)Nc2ccc3c(c2)C(NC(=O)Cc2ccccc2)CCC3)c1)Nc1ccccc1,259
CHEMBL5422607,CC(=O)c1ccc(Cn2cc(NC(=O)c3ncoc3-c3cccc(C)c3)cn2)o1,LHSVUAGZCIQFIE-UHFFFAOYSA-N,0,antagonist,1.0,,O=C(Nc1cnn(Cc2ccco2)c1)c1ncoc1-c1ccccc1,260
CHEMBL5422867,COc1cccc(CC(=O)N(C)C2CCCc3ccc(NS(=O)(=O)c4cc(CCCC(=O)N(C)C)ccc4OC)cc32)c1,LKPRQLYLRGGSKG-UHFFFAOYSA-N,1,agonist,1.0,,O=C(Cc1ccccc1)NC1CCCc2ccc(NS(=O)(=O)c3ccccc3)cc21,261
CHEMBL5423828,COc1cccc(CC(=O)N(C)C2CCCc3ccc(NS(=O)(=O)c4cc(CC(=O)N(C)C)ccc4OC)cc32)c1,CMADEYXERMKKAW-UHFFFAOYSA-N,1,agonist,1.0,,O=C(Cc1ccccc1)NC1CCCc2ccc(NS(=O)(=O)c3ccccc3)cc21,262
CHEMBL5428873,COc1cccc(CC(=O)N(C)C2CCCc3ccc(NS(=O)(=O)c4cc(/C=C/C(=O)N(C)C)ccc4OC)cc32)c1,HUZHUCCIFMNHFH-GHRIWEEISA-N,1,agonist,1.0,,O=C(Cc1ccccc1)NC1CCCc2ccc(NS(=O)(=O)c3ccccc3)cc21,263
CHEMBL5431242,Cc1cccc(C(=O)NCCNc2cccc(NS(=O)(=O)c3cc(C(=O)N(C)C)c4ccc(C(=O)N(C)C)ccc3-4)c2)c1,YUTGVUKNBDJDDM-UHFFFAOYSA-N,0,antagonist,1.0,,O=C(NCCNc1cccc(NS(=O)(=O)c2ccc3cccccc2-3)c1)c1ccccc1,264
CHEMBL5434113,COc1cccc(CC(=O)N(C)C2CCCc3ccc(NS(=O)(=O)c4cc(C(=O)N(C)C)ccc4OC)cc32)c1,WOSUBCDSLPBKKU-UHFFFAOYSA-N,1,agonist,1.0,,O=C(Cc1ccccc1)NC1CCCc2ccc(NS(=O)(=O)c3ccccc3)cc21,265
CHEMBL5437937,Cc1cccc(C(=O)NCCN(C(=O)C(F)(F)F)c2cccc(NS(=O)(=O)c3cc(C(=O)N(C)C)c4ccc(C(=O)N(C)C)ccc3-4)c2)c1,AWYFITISVGICNY-UHFFFAOYSA-N,0,antagonist,1.0,,O=C(NCCNc1cccc(NS(=O)(=O)c2ccc3cccccc2-3)c1)c1ccccc1,266
CHEMBL5438232,COCCNC(=O)/C=C/c1ccc(OC)c(S(=O)(=O)Nc2ccc3c(c2)C(N(C)C(=O)Cc2cccc(OC)c2)CCC3)c1,SVHJRNUECWPPGV-FOWTUZBSSA-N,1,agonist,1.0,,O=C(Cc1ccccc1)NC1CCCc2ccc(NS(=O)(=O)c3ccccc3)cc21,267
CHEMBL5439872,CC(C)C(=O)N1[C@H](C)CN(S(=O)(=O)c2ccccc2)C[C@@H]1C(=O)NCc1ccc(-c2ccco2)cc1,PUEKMRWBWJJGTO-HYBUGGRVSA-N,1,agonist,1.0,,O=C(NCc1ccc(-c2ccco2)cc1)[C@H]1CN(S(=O)(=O)c2ccccc2)CCN1,268
CHEMBL5440528,CCc1cc(-c2ccco2)ccc1CNC(=O)C1CN(S(=O)(=O)c2ccccc2)CC(C)N1C(=O)C(C)C,ZQYNIJNDSLEBIN-UHFFFAOYSA-N,1,agonist,1.0,,O=C(NCc1ccc(-c2ccco2)cc1)C1CN(S(=O)(=O)c2ccccc2)CCN1,269
CHEMBL5440627,Cc1ccc2c(C(=O)C(F)(F)F)cc(S(=O)(=O)Nc3cccc(NCCNC(=O)c4cccc(C)c4)c3)c-2cc1,KAHZEAYOPAANMH-UHFFFAOYSA-N,0,antagonist,1.0,,O=C(NCCNc1cccc(NS(=O)(=O)c2ccc3cccccc2-3)c1)c1ccccc1,270
CHEMBL5564739,Cc1cccc(-c2sc(C)nc2C(=O)N2CCC[C@H]2Cc2cccc(-c3ncon3)c2)c1,FASRRZAOIXPOCE-NRFANRHFSA-N,0,antagonist,1.0,,O=C(c1ncsc1-c1ccccc1)N1CCC[C@H]1Cc1cccc(-c2ncon2)c1,271
CHEMBL5567578,Cc1cccc(-c2sc(C)nc2C(=O)N2CCC[C@H]2Cc2cccc(-n3ccnn3)c2)c1,QXKMDDLIDHJBFZ-NRFANRHFSA-N,0,antagonist,1.0,,O=C(c1ncsc1-c1ccccc1)N1CCC[C@H]1Cc1cccc(-n2ccnn2)c1,272
CHEMBL5568798,Cc1nc(C(=O)N2CCC[C@H]2Cc2cccc(-n3nccn3)c2)c(-c2ccc3c(c2)OCO3)s1,OMTPFVJZEZVSIP-IBGZPJMESA-N,0,antagonist,1.0,,O=C(c1ncsc1-c1ccc2c(c1)OCO2)N1CCC[C@H]1Cc1cccc(-n2nccn2)c1,273
CHEMBL5569629,Cc1nc(C(=O)N2CCC[C@H]2Cc2cccc(-n3nccn3)c2)c(-c2ccc(F)cc2)s1,NEABXMFDQNNMBX-FQEVSTJZSA-N,0,antagonist,1.0,,O=C(c1ncsc1-c1ccccc1)N1CCC[C@H]1Cc1cccc(-n2nccn2)c1,274
CHEMBL5571060,Cc1cccc(-c2sc(C)nc2C(=O)N2CCC[C@H]2Cc2cccc(-n3cccn3)c2)c1,NIEKUZAHPSOMLB-QFIPXVFZSA-N,0,antagonist,1.0,,O=C(c1ncsc1-c1ccccc1)N1CCC[C@H]1Cc1cccc(-n2cccn2)c1,275
CHEMBL5571329,Cc1cccc(-n2nccn2)c1C(=O)N1CCOC[C@H]1Cc1cccc(-n2nccn2)c1,NSXAXFNVPYUUSU-HXUWFJFHSA-N,0,antagonist,1.0,,O=C(c1ccccc1-n1nccn1)N1CCOC[C@H]1Cc1cccc(-n2nccn2)c1,276
CHEMBL5573121,Cc1cccc(-c2ncncc2C(=O)N2CCC[C@H]2Cc2cccc(-n3nccn3)c2)c1,RNTJSBLRSNYOCE-NRFANRHFSA-N,0,antagonist,1.0,,O=C(c1cncnc1-c1ccccc1)N1CCC[C@H]1Cc1cccc(-n2nccn2)c1,277
CHEMBL5573198,Cc1ccc(-n2nccn2)c(C(=O)N2CCNC[C@H]2Cc2cccc(-n3nccn3)c2)c1,SSBGDZDWZASOAJ-HXUWFJFHSA-N,0,antagonist,1.0,,O=C(c1ccccc1-n1nccn1)N1CCNC[C@H]1Cc1cccc(-n2nccn2)c1,278
CHEMBL5573476,O=C(c1ccccc1-c1ncccn1)N1CCC[C@H]1Cc1cccc(-n2nccn2)c1,AFXBOTJWXUOBKK-IBGZPJMESA-N,0,antagonist,1.0,,O=C(c1ccccc1-c1ncccn1)N1CCC[C@H]1Cc1cccc(-n2nccn2)c1,279
CHEMBL5575306,Cc1cccc(-c2nccnc2C(=O)N2CCC[C@H]2Cc2cccc(-n3nccn3)c2)c1,GJEHIUNVVNIFIA-NRFANRHFSA-N,0,antagonist,1.0,,O=C(c1nccnc1-c1ccccc1)N1CCC[C@H]1Cc1cccc(-n2nccn2)c1,280
CHEMBL5583621,COC[C@H](Cc1ccc(C)cc1)n1c(=N)n(C(c2ccc(C)cc2)C(F)(F)F)c2ccccc21,KIPAVZDKQDKQNF-XADRRFQNSA-N,1,agonist,1.0,,N=c1n(CCc2ccccc2)c2ccccc2n1Cc1ccccc1,281
CHEMBL5583672,CCC(=O)NCC(Cc1ccc(C)cc1)n1c(=N)n(Cc2ccc(C)cc2)c2ccccc21,OUDRBZCWNITYKJ-UHFFFAOYSA-N,1,agonist,1.0,,N=c1n(CCc2ccccc2)c2ccccc2n1Cc1ccccc1,282
CHEMBL5583730,Cc1ccc(C[C@@H](CNC(=O)CO)n2c(=N)n(Cc3ccc(C)cc3)c3ccccc32)cc1,CXVSRMKXOCVSJS-QHCPKHFHSA-N,1,agonist,1.0,,N=c1n(CCc2ccccc2)c2ccccc2n1Cc1ccccc1,283
CHEMBL5584053,CCCOC[C@H](Cc1ccc(C)cc1)n1c(=N)n(Cc2ccc(C)cc2)c2ccccc21,GALDNASEAMOSET-VWLOTQADSA-N,1,agonist,1.0,,N=c1n(CCc2ccccc2)c2ccccc2n1Cc1ccccc1,284
CHEMBL5584087,Cc1ccc(C[C@@H](COCCC#N)n2c(=N)n(C(C)c3ccc(C)cc3)c3cccnc32)cc1,UEJRZAHCBBDPIN-TUXUZCGSSA-N,1,agonist,1.0,,N=c1n(Cc2ccccc2)c2cccnc2n1CCc1ccccc1,285
CHEMBL5584131,Cc1ccc(C[C@@H](C(=O)N2CC(C#N)C2)n2c(=N)n(C(C)c3ccc(C)cc3)c3cccnc32)cc1,WYTRELALXGTYAT-UQTORGHUSA-N,1,agonist,1.0,,N=c1n(Cc2ccccc2)c2cccnc2n1[C@@H](Cc1ccccc1)C(=O)N1CCC1,286
CHEMBL5584134,CCC(c1ccc(C)cc1)n1c(=N)n([C@H](COC)Cc2ccc(C)cc2)c2ccccc21,APKDRFBCTSGBNK-SKCDSABHSA-N,1,agonist,1.0,,N=c1n(CCc2ccccc2)c2ccccc2n1Cc1ccccc1,287
CHEMBL5584168,Cc1ccc(C[C@@H](CNC(=O)CO)n2c(=N)n(C(C)c3ccc(C)cc3)c3ccccc32)cc1,VPHZDMLRKNMGQK-FHZUCYEKSA-N,1,agonist,1.0,,N=c1n(CCc2ccccc2)c2ccccc2n1Cc1ccccc1,288
CHEMBL5584170,Cc1cccc(-c2sc(C)nc2C(=O)N2CCC[C@H]2Cc2cccc(-c3ncccn3)c2)c1,JOFVCMFATFJQCO-QHCPKHFHSA-N,0,antagonist,1.0,,O=C(c1ncsc1-c1ccccc1)N1CCC[C@H]1Cc1cccc(-c2ncccn2)c1,289
CHEMBL5589865,CC(=O)N(C)CC(Cc1ccc(C)cc1)n1c(=N)n(Cc2ccc(C)cc2)c2ccccc21,CKQOYKAPATXIQU-UHFFFAOYSA-N,1,agonist,1.0,,N=c1n(CCc2ccccc2)c2ccccc2n1Cc1ccccc1,290
CHEMBL5590120,Cc1ccc(CC(CNC(=O)c2ncco2)n2c(=N)n(Cc3ccc(C)cc3)c3ccccc32)cc1,QXONFKUBKSGBIK-UHFFFAOYSA-N,1,agonist,1.0,,N=c1n(Cc2ccccc2)c2ccccc2n1C(CNC(=O)c1ncco1)Cc1ccccc1,291
CHEMBL5590140,COC[C@H](Cc1ccc(C)cc1)n1c(=N)n(C(c2ccc(C)cc2)C(F)F)c2ccccc21,ZZZRJGAIICETHF-XADRRFQNSA-N,1,agonist,1.0,,N=c1n(CCc2ccccc2)c2ccccc2n1Cc1ccccc1,292
CHEMBL5590429,COCOC[C@H](Cc1ccc(C)cc1)n1c(=N)n(Cc2ccc(C)cc2)c2ccccc21,GVCRWBFUCLSMAG-DEOSSOPVSA-N,1,agonist,1.0,,N=c1n(CCc2ccccc2)c2ccccc2n1Cc1ccccc1,293
CHEMBL5590747,Cc1ccc(CC(CN)n2c(=N)n(Cc3ccc(C)cc3)c3ccccc32)cc1,NKVZZINRWRCWIA-UHFFFAOYSA-N,1,agonist,1.0,,N=c1n(CCc2ccccc2)c2ccccc2n1Cc1ccccc1,294
CHEMBL5590803,Cc1ccc(CC(CNS(C)(=O)=O)n2c(=N)n(Cc3ccc(C)cc3)c3ccccc32)cc1,ODFUNDXDTRMGSZ-UHFFFAOYSA-N,1,agonist,1.0,,N=c1n(CCc2ccccc2)c2ccccc2n1Cc1ccccc1,295
CHEMBL5590886,Cc1ccc(C[C@@H](CNC(=O)CO)n2c(=N)n(C(c3ccc(C)cc3)C3CC3)c3ccccc32)cc1,KDFPJNQTMUOHFH-GMMLNUAGSA-N,1,agonist,1.0,,N=c1n(CCc2ccccc2)c2ccccc2n1C(c1ccccc1)C1CC1,296
CHEMBL5590888,COC[C@H](Cc1ccc(C)cc1)n1c(=N)n(C(c2ccc(C)cc2)C2CC2)c2ccccc21,MNHJSBFJISDYKR-ALLRNTDFSA-N,1,agonist,1.0,,N=c1n(CCc2ccccc2)c2ccccc2n1C(c1ccccc1)C1CC1,297
CHEMBL5590905,Cc1ccc(CC(CO)n2c(=N)n(Cc3ccc(C)cc3)c3ccccc32)cc1,MHGGQRXBUPJKFQ-UHFFFAOYSA-N,1,agonist,1.0,,N=c1n(CCc2ccccc2)c2ccccc2n1Cc1ccccc1,298
CHEMBL5591159,COC[C@H](Cc1ccc(C)cc1)n1c(=N)n(C(C)c2ccc(C)cc2)c2ncccc21,NFRMWIZCOCCTTD-AKRCKQFNSA-N,1,agonist,1.0,,N=c1n(CCc2ccccc2)c2cccnc2n1Cc1ccccc1,299
CHEMBL5591217,Cc1ccc(C[C@@H](CO)n2c(=N)n(Cc3ccc(C)cc3)c3cccc(F)c32)cc1,FPLDUGKMCPYTRQ-NRFANRHFSA-N,1,agonist,1.0,,N=c1n(CCc2ccccc2)c2ccccc2n1Cc1ccccc1,300
CHEMBL5591379,Cc1cccc(-c2sc(C)nc2C(=O)N2CCC[C@H]2Cc2ccc(-n3nccn3)cc2)c1,JNSHSGXVIAKESW-QFIPXVFZSA-N,0,antagonist,1.0,,O=C(c1ncsc1-c1ccccc1)N1CCC[C@H]1Cc1ccc(-n2nccn2)cc1,301
CHEMBL5591501,Cc1ccc(C[C@@H](C(=O)N2CC(C#N)C2)n2c(=N)n(C(C)c3ccc(C)cc3)c3ccccc32)cc1,TWXWHUOBHOUKMQ-WNWQKLGWSA-N,1,agonist,1.0,,N=c1n(Cc2ccccc2)c2ccccc2n1[C@@H](Cc1ccccc1)C(=O)N1CCC1,302
CHEMBL5591666,COCC[C@H](c1nccc(C)c1F)N1C[C@@H](C)N(C(=O)C(C)C)[C@@H](C(=O)NCc2ccc(-c3ccc(C)c(OC)n3)cc2)C1,IPXJUOSYBGYBMC-SUHSUELASA-N,1,agonist,1.0,,O=C(NCc1ccc(-c2ccccn2)cc1)[C@H]1CN(Cc2ccccn2)CCN1,303
CHEMBL5591864,COCCCOC[C@H](Cc1ccc(C)cc1)n1c(=N)n(Cc2ccc(C)cc2)c2ccccc21,ZKBZYMHYIPPLJD-SANMLTNESA-N,1,agonist,1.0,,N=c1n(CCc2ccccc2)c2ccccc2n1Cc1ccccc1,304
CHEMBL5592100,Cc1ccc(C[C@@H](CNC(=O)CC(F)(F)F)n2c(=N)n(Cc3ccc(C)cc3)c3ccccc32)cc1,JWCQUTLXPMTBHQ-QHCPKHFHSA-N,1,agonist,1.0,,N=c1n(CCc2ccccc2)c2ccccc2n1Cc1ccccc1,305
CHEMBL5592118,Cc1ccc(C[C@@H](C(=O)N2CC3(COC3)C2)n2c(=N)n(C(C)c3ccc(C)cc3)c3cccnc32)cc1,HMSWMKVEIYCXFN-XGCAABAXSA-N,1,agonist,1.0,,N=c1n(Cc2ccccc2)c2cccnc2n1[C@@H](Cc1ccccc1)C(=O)N1CC2(COC2)C1,306
CHEMBL5592233,Cc1ccc(CC(CNC(=O)C2CC2)n2c(=N)n(Cc3ccc(C)cc3)c3ccccc32)cc1,YCKJCAQIDAGGEJ-UHFFFAOYSA-N,1,agonist,1.0,,N=c1n(Cc2ccccc2)c2ccccc2n1C(CNC(=O)C1CC1)Cc1ccccc1,307
CHEMBL5592242,COC[C@H](Cc1ccc(C)cc1)n1c(=N)n(Cc2ccc(C)cc2)c2ccccc21,QIUBWNIAGQPVRV-QHCPKHFHSA-N,1,agonist,1.0,,N=c1n(CCc2ccccc2)c2ccccc2n1Cc1ccccc1,308
CHEMBL5592253,Cc1ccc(C[C@@H](CC#N)n2c(=N)n(C(C)c3ccc(C)cc3)c3cccnc32)cc1,GUMQZBCTLQOTEA-GWQXNCQPSA-N,1,agonist,1.0,,N=c1n(Cc2ccccc2)c2cccnc2n1CCc1ccccc1,309
CHEMBL5592318,COCOC[C@H](Cc1ccc(C)cc1)n1c(=N)n(C(C)c2ccc(C)cc2)c2cccnc21,FEVLZTYQOHASIC-FHZUCYEKSA-N,1,agonist,1.0,,N=c1n(Cc2ccccc2)c2cccnc2n1CCc1ccccc1,310
CHEMBL5592323,Cc1ccc(C[C@@H](CSC(C)C)n2c(=N)n(Cc3ccc(C)cc3)c3ccccc32)cc1,YEEPTGWRDDSGSX-VWLOTQADSA-N,1,agonist,1.0,,N=c1n(CCc2ccccc2)c2ccccc2n1Cc1ccccc1,311
CHEMBL5592355,Cc1ccc(C[C@@H](CNC(=O)CO)n2c(=N)n(C(c3ccc(C)cc3)C(C)C)c3ccccc32)cc1,NNKBIBPIALTCSH-GMMLNUAGSA-N,1,agonist,1.0,,N=c1n(CCc2ccccc2)c2ccccc2n1Cc1ccccc1,312
CHEMBL5592365,CC(=O)NC[C@H](Cc1ccc(C)cc1)n1c(=N)n(Cc2ccc(C)cc2)c2ccccc21,VCRAUQDFVKPSFM-DEOSSOPVSA-N,1,agonist,1.0,,N=c1n(CCc2ccccc2)c2ccccc2n1Cc1ccccc1,313
CHEMBL5592711,CSC[C@H](Cc1ccc(C)cc1)n1c(=N)n(Cc2ccc(C)cc2)c2ccccc21,MZQZSGZLGYZRBG-QHCPKHFHSA-N,1,agonist,1.0,,N=c1n(CCc2ccccc2)c2ccccc2n1Cc1ccccc1,314
CHEMBL5592886,COCCOC[C@H](Cc1ccc(C)cc1)n1c(=N)n(C(C)c2ccc(C)cc2)c2cccnc21,FEOYYTJKRQXXMU-TUXUZCGSSA-N,1,agonist,1.0,,N=c1n(Cc2ccccc2)c2cccnc2n1CCc1ccccc1,315
CHEMBL5592982,Cc1ccc(CC(CNC=O)n2c(=N)n(Cc3ccc(C)cc3)c3ccccc32)cc1,FWNKSTXAUAFNCU-UHFFFAOYSA-N,1,agonist,1.0,,N=c1n(CCc2ccccc2)c2ccccc2n1Cc1ccccc1,316
CHEMBL5593161,COCC[C@H](c1nccc(C)c1F)N1C[C@@H](C)N(C(=O)C(C)C)[C@@H](C(=O)NCc2ccc(-c3cccc(OC)n3)cc2)C1,DWUMMPVIMBBICX-XTBZXYEFSA-N,1,agonist,1.0,,O=C(NCc1ccc(-c2ccccn2)cc1)[C@H]1CN(Cc2ccccn2)CCN1,317
CHEMBL5593338,Cc1ccc(C[C@@H](CNC(=O)CO)n2c(=N)n(C(C)c3ccc(C)cc3)c3cccnc32)cc1,ZIZMJSPORAEHOB-AKRCKQFNSA-N,1,agonist,1.0,,N=c1n(Cc2ccccc2)c2cccnc2n1CCc1ccccc1,318
CHEMBL5593454,Cc1ccc(CC(CNC(=O)CN(C)C)n2c(=N)n(Cc3ccc(C)cc3)c3ccccc32)cc1,SILJBXJLCUJMJQ-UHFFFAOYSA-N,1,agonist,1.0,,N=c1n(CCc2ccccc2)c2ccccc2n1Cc1ccccc1,319
CHEMBL5593469,Cc1ccc(C[C@@H](C(=O)N2CC(O)C2)n2c(=N)n(C(C)c3ccc(C)cc3)c3ccccc32)cc1,PGFWWKLUTCFCSA-YQAGWJQESA-N,1,agonist,1.0,,N=c1n(Cc2ccccc2)c2ccccc2n1[C@@H](Cc1ccccc1)C(=O)N1CCC1,320
CHEMBL5593628,Cc1ccc(C[C@@H](CNC(=O)[C@H](C)O)n2c(=N)n(Cc3ccc(C)cc3)c3ccccc32)cc1,PWJPLFZXYZBYSM-URXFXBBRSA-N,1,agonist,1.0,,N=c1n(CCc2ccccc2)c2ccccc2n1Cc1ccccc1,321
CHEMBL5593763,COCC(=O)NCC(Cc1ccc(C)cc1)n1c(=N)n(Cc2ccc(C)cc2)c2ccccc21,MFSWTADSYZHUKP-UHFFFAOYSA-N,1,agonist,1.0,,N=c1n(CCc2ccccc2)c2ccccc2n1Cc1ccccc1,322
CHEMBL5593776,Cc1ccc(C[C@@H](C[S+](C)[O-])n2c(=N)n(Cc3ccc(C)cc3)c3ccccc32)cc1,WPCBJKOUFHJQMG-YNBNEFOKSA-N,1,agonist,1.0,,N=c1n(CCc2ccccc2)c2ccccc2n1Cc1ccccc1,323
CHEMBL5593812,Cc1ccc(CC(CNC(=O)N(C)C)n2c(=N)n(Cc3ccc(C)cc3)c3ccccc32)cc1,VARRXCSBGFHVHZ-UHFFFAOYSA-N,1,agonist,1.0,,N=c1n(CCc2ccccc2)c2ccccc2n1Cc1ccccc1,324
CHEMBL5593816,Cc1ccc(CC(CNC(=O)Cc2ccccn2)n2c(=N)n(Cc3ccc(C)cc3)c3ccccc32)cc1,XBJUMPJVTSTSON-UHFFFAOYSA-N,1,agonist,1.0,,N=c1n(Cc2ccccc2)c2ccccc2n1C(CNC(=O)Cc1ccccn1)Cc1ccccc1,325
CHEMBL5593988,COCCOC[C@H](Cc1ccc(C)cc1)n1c(=N)n(Cc2ccc(C)cc2)c2ccccc21,QHIRUCBYVSQJSM-VWLOTQADSA-N,1,agonist,1.0,,N=c1n(CCc2ccccc2)c2ccccc2n1Cc1ccccc1,326
CHEMBL5594090,CCSC[C@H](Cc1ccc(C)cc1)n1c(=N)n(Cc2ccc(C)cc2)c2ccccc21,CSSVXROHQJJHSW-DEOSSOPVSA-N,1,agonist,1.0,,N=c1n(CCc2ccccc2)c2ccccc2n1Cc1ccccc1,327
CHEMBL5594258,CCOC[C@H](Cc1ccc(C)cc1)n1c(=N)n(Cc2ccc(C)cc2)c2ccccc21,QTYPUGRRHVHACC-DEOSSOPVSA-N,1,agonist,1.0,,N=c1n(CCc2ccccc2)c2ccccc2n1Cc1ccccc1,328
CHEMBL5594259,Cc1ccc(CC(CNC(=O)Cc2cccnc2)n2c(=N)n(Cc3ccc(C)cc3)c3ccccc32)cc1,CIYOCQCYJQAEAK-UHFFFAOYSA-N,1,agonist,1.0,,N=c1n(Cc2ccccc2)c2ccccc2n1C(CNC(=O)Cc1cccnc1)Cc1ccccc1,329
CHEMBL5594343,Cc1ccc(CC(CNC(N)=O)n2c(=N)n(Cc3ccc(C)cc3)c3ccccc32)cc1,AOFPTWZEVRYHAW-UHFFFAOYSA-N,1,agonist,1.0,,N=c1n(CCc2ccccc2)c2ccccc2n1Cc1ccccc1,330
CHEMBL5594452,Cc1ccc(CC(CNC(=O)C(F)(F)F)n2c(=N)n(Cc3ccc(C)cc3)c3ccccc32)cc1,GYDRZUAVKGOPMV-UHFFFAOYSA-N,1,agonist,1.0,,N=c1n(CCc2ccccc2)c2ccccc2n1Cc1ccccc1,331
CHEMBL5594499,COC(=O)NCC(Cc1ccc(C)cc1)n1c(=N)n(Cc2ccc(C)cc2)c2ccccc21,IUEHNINSINXEFC-UHFFFAOYSA-N,1,agonist,1.0,,N=c1n(CCc2ccccc2)c2ccccc2n1Cc1ccccc1,332
CHEMBL5594523,COCC[C@H](c1nccc(C)c1F)N1C[C@@H](C)N(C(=O)C(C)C)[C@@H](C(=O)NCc2ccc(-c3ccc(Cl)c(OC)n3)cc2)C1,JEPVEAOOECQUND-MWVDVNALSA-N,1,agonist,1.0,,O=C(NCc1ccc(-c2ccccn2)cc1)[C@H]1CN(Cc2ccccn2)CCN1,333
CHEMBL5594564,Cc1ccc(CC(CF)n2c(=N)n(Cc3ccc(C)cc3)c3ccccc32)cc1,PNUGGTHQBCEPCT-UHFFFAOYSA-N,1,agonist,1.0,,N=c1n(CCc2ccccc2)c2ccccc2n1Cc1ccccc1,334
CHEMBL5594754,CCOC(=O)NCC(Cc1ccc(C)cc1)n1c(=N)n(Cc2ccc(C)cc2)c2ccccc21,DFPFHXVJSRKKMF-UHFFFAOYSA-N,1,agonist,1.0,,N=c1n(CCc2ccccc2)c2ccccc2n1Cc1ccccc1,335
CHEMBL5594830,Cc1ccc(C[C@@H](CNC(=O)CF)n2c(=N)n(Cc3ccc(C)cc3)c3ccccc32)cc1,UXZUCSZMYWJVDR-QHCPKHFHSA-N,1,agonist,1.0,,N=c1n(CCc2ccccc2)c2ccccc2n1Cc1ccccc1,336
CHEMBL5594879,Cc1ccc(C[C@@H](CNC(=O)[C@@H](C)O)n2c(=N)n(Cc3ccc(C)cc3)c3ccccc32)cc1,PWJPLFZXYZBYSM-QPPBQGQZSA-N,1,agonist,1.0,,N=c1n(CCc2ccccc2)c2ccccc2n1Cc1ccccc1,337
CHEMBL5594996,Cc1cccc(-c2sc(C)nc2C(=O)N2CCC[C@H]2Cc2cccc(-n3nccn3)c2)c1,KYRKCIQITPJUGV-NRFANRHFSA-N,0,antagonist,1.0,,O=C(c1ncsc1-c1ccccc1)N1CCC[C@H]1Cc1cccc(-n2nccn2)c1,338
CHEMBL5595010,COC[C@H](Cc1ccc(C)cc1)n1c(=N)n(C(CF)c2ccc(C)cc2)c2ccccc21,YNORGJYOEDZPDE-ZZHFZYNASA-N,1,agonist,1.0,,N=c1n(CCc2ccccc2)c2ccccc2n1Cc1ccccc1,339
CHEMBL5595073,COCC[C@H](c1nccc(C)c1F)N1C[C@@H](C)N(C(=O)C(C)C)[C@@H](C(=O)NCc2ccc(-c3cc(OC)cc(OC)n3)cc2)C1,SQNCUANJFJRDLW-HCLMJZEPSA-N,1,agonist,1.0,,O=C(NCc1ccc(-c2ccccn2)cc1)[C@H]1CN(Cc2ccccn2)CCN1,340
CHEMBL5595319,O=C(c1c(F)cccc1-n1nccn1)N1CCOC[C@H]1Cc1cccc(-n2nccn2)c1,ZMLQNVCQIIPQLS-GOSISDBHSA-N,0,antagonist,1.0,,O=C(c1ccccc1-n1nccn1)N1CCOC[C@H]1Cc1cccc(-n2nccn2)c1,341
CHEMBL5595351,Cc1ccc(C[C@@H](CO)n2c(=N)n(Cc3ccc(C)cc3)c3ccccc32)cc1,MHGGQRXBUPJKFQ-QFIPXVFZSA-N,1,agonist,1.0,,N=c1n(CCc2ccccc2)c2ccccc2n1Cc1ccccc1,342
CHEMBL5595466,Cc1ccc(C[C@@H](CNC(=O)c2cccnn2)n2c(=N)n(Cc3ccc(C)cc3)c3ccccc32)cc1,TZLCYFZMFJQKGP-VWLOTQADSA-N,1,agonist,1.0,,N=c1n(Cc2ccccc2)c2ccccc2n1[C@H](CNC(=O)c1cccnn1)Cc1ccccc1,343
CHEMBL5595467,COCC[C@H](c1nccc(C)c1F)N1C[C@@H](C)N(C(=O)C(C)C)[C@@H](C(=O)NCc2ccc(-c3ccc(F)c(OC)n3)cc2)C1,JKHVVPJIJPXGAS-MWVDVNALSA-N,1,agonist,1.0,,O=C(NCc1ccc(-c2ccccn2)cc1)[C@H]1CN(Cc2ccccn2)CCN1,344
CHEMBL5595473,Cc1ccc(C[C@@H](C(=O)N2CCC(O)CC2)n2c(=N)n(C(C)c3ccc(C)cc3)c3ccccc32)cc1,YGPIJLZLBRLAQQ-IZCXSWDTSA-N,1,agonist,1.0,,N=c1n(Cc2ccccc2)c2ccccc2n1[C@@H](Cc1ccccc1)C(=O)N1CCCCC1,345
CHEMBL5595505,Cc1ccc(C[C@@H](CS(C)(=O)=O)n2c(=N)n(Cc3ccc(C)cc3)c3ccccc32)cc1,UVDULTWMYOUDPV-QHCPKHFHSA-N,1,agonist,1.0,,N=c1n(CCc2ccccc2)c2ccccc2n1Cc1ccccc1,346
CHEMBL5595569,Cc1ccc(C[C@@H](COCCN(C)C)n2c(=N)n(Cc3ccc(C)cc3)c3ccccc32)cc1,OLMANYNPUIMKGU-SANMLTNESA-N,1,agonist,1.0,,N=c1n(CCc2ccccc2)c2ccccc2n1Cc1ccccc1,347
CHEMBL5595607,COCC[C@H](c1nccc(C)c1F)N1C[C@@H](C)N(C(=O)C(C)C)[C@@H](C(=O)NCc2ccc(C#CC3CC3)cc2)C1,AXDWBMABNIBDTQ-XTBZXYEFSA-N,1,agonist,1.0,,O=C(NCc1ccc(C#CC2CC2)cc1)[C@H]1CN(Cc2ccccn2)CCN1,348
CHEMBL5595810,Cc1ccc(C[C@@H](CNS(=O)(=O)C(F)F)n2c(=N)n(Cc3ccc(C)cc3)c3ccccc32)cc1,GYTBIVDEFMXNSA-QFIPXVFZSA-N,1,agonist,1.0,,N=c1n(CCc2ccccc2)c2ccccc2n1Cc1ccccc1,349
CHEMBL5595930,CNC(=O)NCC(Cc1ccc(C)cc1)n1c(=N)n(Cc2ccc(C)cc2)c2ccccc21,IUOVQKZGUMSVKD-UHFFFAOYSA-N,1,agonist,1.0,,N=c1n(CCc2ccccc2)c2ccccc2n1Cc1ccccc1,350
CHEMBL5595933,Cc1ccc(CC(CN(C)C)n2c(=N)n(Cc3ccc(C)cc3)c3ccccc32)cc1,WUBIDLZLTGRHRA-UHFFFAOYSA-N,1,agonist,1.0,,N=c1n(CCc2ccccc2)c2ccccc2n1Cc1ccccc1,351
CHEMBL5596026,CNCC(=O)NCC(Cc1ccc(C)cc1)n1c(=N)n(Cc2ccc(C)cc2)c2ccccc21,DSIJIRQGZCFQOA-UHFFFAOYSA-N,1,agonist,1.0,,N=c1n(CCc2ccccc2)c2ccccc2n1Cc1ccccc1,352
CHEMBL5618115,O=C(c1ccccc1-c1ccccc1)N1CCCN1Cc1cccc(-c2ncccn2)c1,LVFDHINOEJGHTJ-UHFFFAOYSA-N,0,antagonist,1.0,,O=C(c1ccccc1-c1ccccc1)N1CCCN1Cc1cccc(-c2ncccn2)c1,353
CHEMBL5618131,COc1cc(CN2[C@H]3c4ccccc4OC[C@H]3CN2C(=O)C2CCCCC2)cc(OC)c1,UIMLCHHUJFOQBT-CJFMBICVSA-N,0,antagonist,1.0,,O=C(C1CCCCC1)N1C[C@@H]2COc3ccccc3[C@@H]2N1Cc1ccccc1,354
CHEMBL5618200,Cn1ccc(C(=O)N2C[C@@H]3COc4cc(F)ccc4[C@@H]3N2Cc2cccc(-c3ncccn3)c2)n1,OWVCUHCCLAHPEK-NTKDMRAZSA-N,0,antagonist,1.0,,O=C(c1cc[nH]n1)N1C[C@@H]2COc3ccccc3[C@@H]2N1Cc1cccc(-c2ncccn2)c1,355
CHEMBL5618285,CN1C[C@H]2CN(C(=O)C3CCCCC3)N(Cc3cccc(-c4ncccn4)c3)[C@H]2c2ccccc21,KMLLBECGTRIHGC-RPLLCQBOSA-N,0,antagonist,1.0,,O=C(C1CCCCC1)N1C[C@@H]2CNc3ccccc3[C@@H]2N1Cc1cccc(-c2ncccn2)c1,356
CHEMBL5618292,Cn1ccc(C(=O)N2C[C@@H]3CCc4cc(F)ccc4[C@@H]3N2Cc2cccc(-c3ncccn3)c2)n1,JPORFXWIBQIBLN-SQJMNOBHSA-N,0,antagonist,1.0,,O=C(c1cc[nH]n1)N1C[C@@H]2CCc3ccccc3[C@@H]2N1Cc1cccc(-c2ncccn2)c1,357
CHEMBL5618471,O=C(C1CCCCC1)N1C[C@@H]2COc3cc(F)ccc3[C@@H]2N1Cc1cccc(-c2ncccn2)c1,OIYSQHUALQGVNP-ATIYNZHBSA-N,0,antagonist,1.0,,O=C(C1CCCCC1)N1C[C@@H]2COc3ccccc3[C@@H]2N1Cc1cccc(-c2ncccn2)c1,358
CHEMBL5618594,COc1ccc(C(=O)N2C[C@@H]3COc4cc(F)ccc4[C@@H]3N2Cc2cccc(-c3ncccn3)c2)cn1,DPEDZHZCLRBPSO-QFQXNSOFSA-N,0,antagonist,1.0,,O=C(c1cccnc1)N1C[C@@H]2COc3ccccc3[C@@H]2N1Cc1cccc(-c2ncccn2)c1,359
CHEMBL5618641,O=C(C1CCCCC1)N1C[C@@H]2Cc3ccccc3[C@@H]2N1Cc1cccc(-c2ncccn2)c1,NUSPCNSRGWNZOD-AZGAKELHSA-N,0,antagonist,1.0,,O=C(C1CCCCC1)N1C[C@@H]2Cc3ccccc3[C@@H]2N1Cc1cccc(-c2ncccn2)c1,360
CHEMBL5618656,Cc1cnc(C(=O)N2C[C@@H]3COc4cc(F)ccc4[C@@H]3N2Cc2cccc(-c3ncccn3)c2)s1,LFWCEAVXBWZYKA-AUSIDOKSSA-N,0,antagonist,1.0,,O=C(c1nccs1)N1C[C@@H]2COc3ccccc3[C@@H]2N1Cc1cccc(-c2ncccn2)c1,361
CHEMBL5618659,Cc1cc(C(=O)N2C[C@@H]3CCc4cc(F)ccc4[C@@H]3N2Cc2cccc(-c3ncccn3)c2)nn1C,IQBQPKYTEMWHQG-BKMJKUGQSA-N,0,antagonist,1.0,,O=C(c1cc[nH]n1)N1C[C@@H]2CCc3ccccc3[C@@H]2N1Cc1cccc(-c2ncccn2)c1,362
CHEMBL5618671,Cc1ccc(-n2nccn2)c(C(=O)N2CCCN2Cc2ccn(-c3ccccc3)n2)c1,AHSULABMWQXHMG-UHFFFAOYSA-N,0,antagonist,1.0,,O=C(c1ccccc1-n1nccn1)N1CCCN1Cc1ccn(-c2ccccc2)n1,363
CHEMBL5618682,Cn1ccc(C(=O)N2C[C@@H]3CCc4ccccc4[C@@H]3N2Cc2cccc(-c3ncccn3)c2)n1,JKZNWYLSCFXDCS-WIOPSUGQSA-N,0,antagonist,1.0,,O=C(c1cc[nH]n1)N1C[C@@H]2CCc3ccccc3[C@@H]2N1Cc1cccc(-c2ncccn2)c1,364
CHEMBL5618795,Cc1cc(C(=O)N2C[C@@H]3COc4cc(F)ccc4[C@@H]3N2Cc2cccc(-c3ncccn3)c2)nn1C,DGCYMZXGGJWTPE-CJFMBICVSA-N,0,antagonist,1.0,,O=C(c1cc[nH]n1)N1C[C@@H]2COc3ccccc3[C@@H]2N1Cc1cccc(-c2ncccn2)c1,365
CHEMBL5618824,Cc1ccc(-n2nccn2)c(C(=O)N2CCCN2Cc2cccc(-c3ncccn3)c2)c1,OAFQCEGEQYCFCR-UHFFFAOYSA-N,0,antagonist,1.0,,O=C(c1ccccc1-n1nccn1)N1CCCN1Cc1cccc(-c2ncccn2)c1,366
CHEMBL5618901,Cc1ccc(-n2nccn2)c(C(=O)N2CCCN2Cc2cnc(-c3ccccc3)s2)c1,NHRZLARRAZSSNB-UHFFFAOYSA-N,0,antagonist,1.0,,O=C(c1ccccc1-n1nccn1)N1CCCN1Cc1cnc(-c2ccccc2)s1,367
CHEMBL5618940,Cc1cc(C(=O)N2C[C@@H]3CCc4ccccc4[C@@H]3N2Cc2cccc(-c3ncccn3)c2)nn1C,HMLZGOXPNQUWLR-JYFHCDHNSA-N,0,antagonist,1.0,,O=C(c1cc[nH]n1)N1C[C@@H]2CCc3ccccc3[C@@H]2N1Cc1cccc(-c2ncccn2)c1,368
CHEMBL5618989,O=C(C1CCCCC1)N1C[C@@H]2CCc3cccnc3[C@@H]2N1Cc1cccc(-c2ncccn2)c1,BOYWOUSWWTXOFQ-AZGAKELHSA-N,0,antagonist,1.0,,O=C(C1CCCCC1)N1C[C@@H]2CCc3cccnc3[C@@H]2N1Cc1cccc(-c2ncccn2)c1,369
CHEMBL5619028,Cc1ccc(-n2nccn2)c(C(=O)N2CCCN2Cc2cc(-c3ccccc3)[nH]n2)c1,QJIOQYNIYMMLJX-UHFFFAOYSA-N,0,antagonist,1.0,,O=C(c1ccccc1-n1nccn1)N1CCCN1Cc1cc(-c2ccccc2)[nH]n1,370
CHEMBL5619094,Cn1ccc(C(=O)N2C[C@@H]3Cc4cc(F)ccc4[C@@H]3N2Cc2cccc(-c3ncccn3)c2)n1,XYJXHSMRSNKPCL-GBXCKJPGSA-N,0,antagonist,1.0,,O=C(c1cc[nH]n1)N1C[C@@H]2Cc3ccccc3[C@@H]2N1Cc1cccc(-c2ncccn2)c1,371
CHEMBL5619160,O=C(c1cccc(-c2ccccc2)c1)N1CCCN1Cc1cccc(-c2ncccn2)c1,QMYRYDFEWLATQI-UHFFFAOYSA-N,0,antagonist,1.0,,O=C(c1cccc(-c2ccccc2)c1)N1CCCN1Cc1cccc(-c2ncccn2)c1,372
CHEMBL5619192,Cc1ccc(-n2nccn2)c(C(=O)N2CCCN2Cc2ncn(-c3ccccc3)n2)c1,JQAUBUKTUAAFTO-UHFFFAOYSA-N,0,antagonist,1.0,,O=C(c1ccccc1-n1nccn1)N1CCCN1Cc1ncn(-c2ccccc2)n1,373
CHEMBL5619215,O=C(C1CCCCC1)N1C[C@@H]2CCc3cc(F)ccc3[C@@H]2N1Cc1cccc(-c2ncccn2)c1,ZTYVXYZQICUWOW-RPLLCQBOSA-N,0,antagonist,1.0,,O=C(C1CCCCC1)N1C[C@@H]2CCc3ccccc3[C@@H]2N1Cc1cccc(-c2ncccn2)c1,374
CHEMBL5619320,O=C(c1cccnc1)N1C[C@@H]2COc3cc(F)ccc3[C@@H]2N1Cc1cccc(-c2ncccn2)c1,VYNNVKWZVHGHEF-PXDATVDWSA-N,0,antagonist,1.0,,O=C(c1cccnc1)N1C[C@@H]2COc3ccccc3[C@@H]2N1Cc1cccc(-c2ncccn2)c1,375
CHEMBL5619400,O=C(C1CCCCC1)N1C[C@@H]2COc3cccnc3[C@@H]2N1Cc1cccc(-c2ncccn2)c1,AKMFDRZEDLKDEL-RCZVLFRGSA-N,0,antagonist,1.0,,O=C(C1CCCCC1)N1C[C@@H]2COc3cccnc3[C@@H]2N1Cc1cccc(-c2ncccn2)c1,376
CHEMBL5619438,Cc1cc(C(=O)N2C[C@@H]3Cc4ccccc4[C@@H]3N2Cc2cccc(-c3ncccn3)c2)nn1C,FZDDFRNAUZJYNB-WIOPSUGQSA-N,0,antagonist,1.0,,O=C(c1cc[nH]n1)N1C[C@@H]2Cc3ccccc3[C@@H]2N1Cc1cccc(-c2ncccn2)c1,377
CHEMBL5619450,Cc1ccc(-n2nccn2)c(C(=O)N2CCCN2Cc2cnn(-c3ccccc3)n2)c1,KQBPICDNFNTNHQ-UHFFFAOYSA-N,0,antagonist,1.0,,O=C(c1ccccc1-n1nccn1)N1CCCN1Cc1cnn(-c2ccccc2)n1,378
CHEMBL5619474,Cc1ccc(-n2nccn2)c(C(=O)N2CCCN2Cc2cc(-c3ccccc3)no2)c1,VRUBYJLGIKYBAN-UHFFFAOYSA-N,0,antagonist,1.0,,O=C(c1ccccc1-n1nccn1)N1CCCN1Cc1cc(-c2ccccc2)no1,379
CHEMBL5619529,O=C(c1ccccn1)N1C[C@@H]2COc3cc(F)ccc3[C@@H]2N1Cc1cccc(-c2ncccn2)c1,DUNPFBVKEJBJDW-CJFMBICVSA-N,0,antagonist,1.0,,O=C(c1ccccn1)N1C[C@@H]2COc3ccccc3[C@@H]2N1Cc1cccc(-c2ncccn2)c1,380
CHEMBL5619604,Cn1ccc(C(=O)N2C[C@@H]3Cc4ccccc4[C@@H]3N2Cc2cccc(-c3ncccn3)c2)n1,YGACWIDYYAHGDD-XUZZJYLKSA-N,0,antagonist,1.0,,O=C(c1cc[nH]n1)N1C[C@@H]2Cc3ccccc3[C@@H]2N1Cc1cccc(-c2ncccn2)c1,381
CHEMBL5619643,O=C(c1cncc(F)c1)N1C[C@@H]2COc3cc(F)ccc3[C@@H]2N1Cc1cccc(-c2ncccn2)c1,LBOOMLHSTGFZSQ-CJFMBICVSA-N,0,antagonist,1.0,,O=C(c1cccnc1)N1C[C@@H]2COc3ccccc3[C@@H]2N1Cc1cccc(-c2ncccn2)c1,382
CHEMBL5619651,O=C(c1cscn1)N1C[C@@H]2COc3cc(F)ccc3[C@@H]2N1Cc1cccc(-c2ncccn2)c1,AGUKCTFKQWNLSC-WZONZLPQSA-N,0,antagonist,1.0,,O=C(c1cscn1)N1C[C@@H]2COc3ccccc3[C@@H]2N1Cc1cccc(-c2ncccn2)c1,383
CHEMBL5619706,Cc1cc(C(=O)N2C[C@@H]3COc4cc(F)ccc4[C@@H]3N2Cc2cccc(-c3ncccn3)c2)n(C)n1,TUAKDXOHUHYBRM-CJFMBICVSA-N,0,antagonist,1.0,,O=C(c1ccn[nH]1)N1C[C@@H]2COc3ccccc3[C@@H]2N1Cc1cccc(-c2ncccn2)c1,384
CHEMBL5619847,O=C(C1CCCCC1)N1C[C@@H]2COc3cc(F)cnc3[C@@H]2N1Cc1cccc(-c2ncccn2)c1,ZRQPVUWXLKQQII-PXDATVDWSA-N,0,antagonist,1.0,,O=C(C1CCCCC1)N1C[C@@H]2COc3cccnc3[C@@H]2N1Cc1cccc(-c2ncccn2)c1,385
CHEMBL5619957,CN1C[C@H]2CN(C(=O)C3CCCCC3)N(Cc3cccc(-c4ncccn4)c3)[C@H]2c2ncccc21,OLPWPVJKPCLZAL-JYFHCDHNSA-N,0,antagonist,1.0,,O=C(C1CCCCC1)N1C[C@@H]2CNc3cccnc3[C@@H]2N1Cc1cccc(-c2ncccn2)c1,386
CHEMBL5620002,O=C(C1CCCCC1)N1C[C@@H]2COc3ccccc3[C@@H]2N1Cc1cccc(-c2ncccn2)c1,IFIYHYUCRGZDCI-ZEQKJWHPSA-N,0,antagonist,1.0,,O=C(C1CCCCC1)N1C[C@@H]2COc3ccccc3[C@@H]2N1Cc1cccc(-c2ncccn2)c1,387
CHEMBL5620026,COc1cc(CN2[C@@H]3c4ccccc4OC[C@@H]3CN2C(=O)C2CCCCC2)cc(OC)c1,UIMLCHHUJFOQBT-CPJSRVTESA-N,0,antagonist,1.0,,O=C(C1CCCCC1)N1C[C@H]2COc3ccccc3[C@H]2N1Cc1ccccc1,388
CHEMBL5620180,Cc1nc(C(=O)N2C[C@@H]3COc4cc(F)ccc4[C@@H]3N2Cc2cccc(-c3ncccn3)c2)cs1,WQGLWMDRMSSGNV-NTKDMRAZSA-N,0,antagonist,1.0,,O=C(c1cscn1)N1C[C@@H]2COc3ccccc3[C@@H]2N1Cc1cccc(-c2ncccn2)c1,389
CHEMBL5620196,O=C(C1CCCCC1)N1C[C@@H]2CCc3ccccc3[C@@H]2N1Cc1cccc(-c2ncccn2)c1,MASVQPOUODOSNG-AHKZPQOWSA-N,0,antagonist,1.0,,O=C(C1CCCCC1)N1C[C@@H]2CCc3ccccc3[C@@H]2N1Cc1cccc(-c2ncccn2)c1,390
CHEMBL5620251,O=C(C1CCCCC1)N1C[C@@H]2COc3ccccc3[C@@H]2N1Cc1cccc(-c2ncon2)c1,LIHWSYUGQWXXBX-ZJSXRUAMSA-N,0,antagonist,1.0,,O=C(C1CCCCC1)N1C[C@@H]2COc3ccccc3[C@@H]2N1Cc1cccc(-c2ncon2)c1,391
CHEMBL5620252,O=C(c1ccccc1-n1nccn1)N1CCCN1Cc1cccc(-c2ncccn2)c1,DLINKHARPOJPKX-UHFFFAOYSA-N,0,antagonist,1.0,,O=C(c1ccccc1-n1nccn1)N1CCCN1Cc1cccc(-c2ncccn2)c1,392
CHEMBL5620268,O=C(C1CCCCC1)N1C[C@@H]2COc3ccccc3[C@@H]2N1Cc1cccc(-n2nccn2)c1,XBPCRHBKTGGYRS-PXDATVDWSA-N,0,antagonist,1.0,,O=C(C1CCCCC1)N1C[C@@H]2COc3ccccc3[C@@H]2N1Cc1cccc(-n2nccn2)c1,393
CHEMBL5620314,Cc1cc(C(=O)N2C[C@@H]3Cc4cc(F)ccc4[C@@H]3N2Cc2cccc(-c3ncccn3)c2)nn1C,PUZZWRPQBVSLOP-SQJMNOBHSA-N,0,antagonist,1.0,,O=C(c1cc[nH]n1)N1C[C@@H]2Cc3ccccc3[C@@H]2N1Cc1cccc(-c2ncccn2)c1,394
CHEMBL5631363,Cc1ccc(-n2nccn2)c(C(=O)N[C@H]2CCC[C@@H]2Nc2nc3ccc(F)cc3s2)c1,VJDXJRFAVKFQKJ-IRXDYDNUSA-N,0,antagonist,1.0,,O=C(N[C@H]1CCC[C@@H]1Nc1nc2ccccc2s1)c1ccccc1-n1nccn1,395
CHEMBL5632556,CCc1nc(C(F)(F)F)cnc1N[C@@H]1CCC[C@H]1NC(=O)c1ncccc1-n1nccn1,UFGCLPDMIZHEED-ZIAGYGMSSA-N,0,antagonist,1.0,,O=C(N[C@@H]1CCC[C@H]1Nc1cnccn1)c1ncccc1-n1nccn1,396
CHEMBL5633370,Cc1ccc(-n2nccn2)c(C(=O)N[C@H]2CCC[C@@H]2Nc2cnc3ccccc3n2)c1,GYTNAVCPRBXIHQ-PMACEKPBSA-N,0,antagonist,1.0,,O=C(N[C@H]1CCC[C@@H]1Nc1cnc2ccccc2n1)c1ccccc1-n1nccn1,397
CHEMBL6133656,CC(C)N1CCN(c2cccc(Cl)c2NC(=O)N2CCC(C)(c3noc([C@@H]4C[C@@H]4F)n3)CC2)CC1,DXGHCUCZNOGMTC-MJGOQNOKSA-N,1,agonist,1.0,,O=C(Nc1ccccc1N1CCNCC1)N1CCC(c2noc(C3CC3)n2)CC1,398
CHEMBL6133718,CC1(c2noc([C@@H]3C[C@@H]3F)n2)CCN(C(=O)Nc2c(C#N)cccc2-c2ccc(C3CCC3)nc2)CC1,QGBIQQYAEBPFGC-YADHBBJMSA-N,1,agonist,1.0,,O=C(Nc1ccccc1-c1ccc(C2CCC2)nc1)N1CCC(c2noc(C3CC3)n2)CC1,399
CHEMBL6142479,CC12CC(NC(=O)[C@@H](c3ccccc3)N(C(=O)Cc3cnnn3-c3ccccc3)C3CCCC3)(C1)C2,KIPZBODCEONOMZ-CSJMBUEXSA-N,1,agonist,1.0,,O=C(NC12CC(C1)C2)[C@@H](c1ccccc1)N(C(=O)Cc1cnnn1-c1ccccc1)C1CCCC1,400
CHEMBL6143944,Cc1ccc(-n2nccn2)c(C(=O)N2CCCN2Cc2nc3ccccc3o2)c1,CFJGBKHPUQNSML-UHFFFAOYSA-N,0,antagonist,1.0,,O=C(c1ccccc1-n1nccn1)N1CCCN1Cc1nc2ccccc2o1,401
CHEMBL6144111,Cc1ccc(-n2nccn2)c(C(=O)N2CCCN2Cc2ccc3nc(C)sc3c2)n1,OOGMJCKUDWDZKX-UHFFFAOYSA-N,0,antagonist,1.0,,O=C(c1ncccc1-n1nccn1)N1CCCN1Cc1ccc2ncsc2c1,402
CHEMBL6144676,COc1ccc2[nH]c(CN3CCCN3C(=O)c3cc(C)ccc3-n3nccn3)nc2c1,KDYMIBOFKGLUHF-UHFFFAOYSA-N,0,antagonist,1.0,,O=C(c1ccccc1-n1nccn1)N1CCCN1Cc1nc2ccccc2[nH]1,403
CHEMBL6145318,Cc1cccc(-n2ccc(CN3CCCN3C(=O)c3cc(C)ccc3-n3nccn3)n2)c1,AITOXEKMTDEKRM-UHFFFAOYSA-N,0,antagonist,1.0,,O=C(c1ccccc1-n1nccn1)N1CCCN1Cc1ccn(-c2ccccc2)n1,404
CHEMBL6146555,Cc1ccc(-c2ncccn2)c(C(=O)N2CCCN2Cc2ccc3nc(C)sc3c2)c1,KFBSKMLBTFDJLC-UHFFFAOYSA-N,0,antagonist,1.0,,O=C(c1ccccc1-c1ncccn1)N1CCCN1Cc1ccc2ncsc2c1,405
CHEMBL6147584,Cc1ccc(-n2nccn2)c(C(=O)N2CCCN2Cc2ccc3scnc3c2)c1,XIWUKSWPQRAIFQ-UHFFFAOYSA-N,0,antagonist,1.0,,O=C(c1ccccc1-n1nccn1)N1CCCN1Cc1ccc2scnc2c1,406
CHEMBL6147841,Cc1nc2ccc(CN3C[C@@H](C)CN3C(=O)c3cc(Cl)ccc3-n3nccn3)cc2s1,JYRBXZIDSLBFTL-CQSZACIVSA-N,0,antagonist,1.0,,O=C(c1ccccc1-n1nccn1)N1CCCN1Cc1ccc2ncsc2c1,407
CHEMBL6149489,Cc1ccc(-n2nccn2)c(C(=O)N2CCCN2Cc2ccc3ncsc3c2)c1,CLANTDDVQQOCFC-UHFFFAOYSA-N,0,antagonist,1.0,,O=C(c1ccccc1-n1nccn1)N1CCCN1Cc1ccc2ncsc2c1,408
CHEMBL6149775,Cc1ccc(-n2nccn2)c(C(=O)N2CCCN2Cc2ccc3snnc3c2)c1,QTTSAVQGEXOZRJ-UHFFFAOYSA-N,0,antagonist,1.0,,O=C(c1ccccc1-n1nccn1)N1CCCN1Cc1ccc2snnc2c1,409
CHEMBL6149831,CC(C)N1CCN(c2cccc(C#N)c2NC(=O)N2CCC(C)(c3noc([C@@H]4C[C@@H]4F)n3)CC2)CC1,YSUUEUBAZXPMBL-UXHICEINSA-N,1,agonist,1.0,,O=C(Nc1ccccc1N1CCNCC1)N1CCC(c2noc(C3CC3)n2)CC1,410
CHEMBL6150209,CCc1ncc(-c2cccc(C#N)c2NC(=O)N2CCC(C)(c3noc([C@@H]4C[C@@H]4F)n3)CC2)cn1,QXCGXQDVGWRYDH-MOPGFXCFSA-N,1,agonist,1.0,,O=C(Nc1ccccc1-c1cncnc1)N1CCC(c2noc(C3CC3)n2)CC1,411
CHEMBL6150641,Cn1ncc(CC(=O)N(C2CCCC2)C(C(=O)NC23CC(C)(C2)C3)c2cscn2)c1-c1ccccc1,MRDNMLNPOVZTJH-UHFFFAOYSA-N,1,agonist,1.0,,O=C(NC12CC(C1)C2)C(c1cscn1)N(C(=O)Cc1cn[nH]c1-c1ccccc1)C1CCCC1,412
CHEMBL6151110,Cc1ccc(-n2nccn2)c(C(=O)N2CCCN2Cc2ccn(-c3cccc(C4CC4)n3)n2)c1,HYCLHLJMRAFUOA-UHFFFAOYSA-N,0,antagonist,1.0,,O=C(c1ccccc1-n1nccn1)N1CCCN1Cc1ccn(-c2cccc(C3CC3)n2)n1,413
CHEMBL6151333,COc1ccc(-n2nccn2)c(C(=O)N2CCCN2Cc2ccc3nc(C)sc3c2)c1,UOYLNFVHPQWASH-UHFFFAOYSA-N,0,antagonist,1.0,,O=C(c1ccccc1-n1nccn1)N1CCCN1Cc1ccc2ncsc2c1,414
CHEMBL6151433,Cc1ccc(-n2nccn2)c(C(=O)N2CCCN2Cc2cnc3ccccc3n2)c1,VNOFVTCTHILPML-UHFFFAOYSA-N,0,antagonist,1.0,,O=C(c1ccccc1-n1nccn1)N1CCCN1Cc1cnc2ccccc2n1,415
CHEMBL6151629,COc1ccc(F)cc1C(C(=O)NC12CC(C)(C1)C2)N(C(=O)Cc1cnn(C)c1-c1ccccc1)C1CCCC1,BTAGCQFQIQTQTJ-UHFFFAOYSA-N,1,agonist,1.0,,O=C(NC12CC(C1)C2)C(c1ccccc1)N(C(=O)Cc1cn[nH]c1-c1ccccc1)C1CCCC1,416
CHEMBL6152493,Cn1ncc(CC(=O)N(C2CCCC2)C(C(=O)NC23CC(C)(C2)C3)c2ccccn2)c1-c1ccccc1,MBIQMGLJDHQCBM-UHFFFAOYSA-N,1,agonist,1.0,,O=C(NC12CC(C1)C2)C(c1ccccn1)N(C(=O)Cc1cn[nH]c1-c1ccccc1)C1CCCC1,417
CHEMBL6152576,Cc1nc2ccc(CN3CC(C)CN3C(=O)c3cc(Cl)ccc3-n3nccn3)cc2s1,JYRBXZIDSLBFTL-UHFFFAOYSA-N,0,antagonist,1.0,,O=C(c1ccccc1-n1nccn1)N1CCCN1Cc1ccc2ncsc2c1,418
CHEMBL6152744,Cc1ccc(-n2nccn2)c(C(=O)N2CCCN2Cc2ccn(-c3ccccc3C)n2)c1,MNFCSGNNZSSKJS-UHFFFAOYSA-N,0,antagonist,1.0,,O=C(c1ccccc1-n1nccn1)N1CCCN1Cc1ccn(-c2ccccc2)n1,419
CHEMBL6152751,CC[C@H](C)[C@H]1CN(c2nc3cc(Cl)ccc3o2)CCCN1C(=O)c1cc(C)ccc1-n1nccn1,CRLKYMWQHWKXAE-FDDCHVKYSA-N,0,antagonist,1.0,,O=C(c1ccccc1-n1nccn1)N1CCCN(c2nc3ccccc3o2)CC1,420
CHEMBL6153177,Cn1ncc(CC(=O)N(C2CCCC2)C(C(=O)NC23CC(C)(C2)C3)c2ccccc2)c1-c1c(F)cccc1F,JQNRKUMIRSWWGG-UHFFFAOYSA-N,1,agonist,1.0,,O=C(NC12CC(C1)C2)C(c1ccccc1)N(C(=O)Cc1cn[nH]c1-c1ccccc1)C1CCCC1,421
CHEMBL6160036,Cc1ccc(-n2nccn2)c(C(=O)N2CCCN2Cc2ccc3nc(C)[nH]c3c2)c1,MHYUIFKZBXVKNH-UHFFFAOYSA-N,0,antagonist,1.0,,O=C(c1ccccc1-n1nccn1)N1CCCN1Cc1ccc2nc[nH]c2c1,422
CHEMBL6160371,Cc1ccc(-n2nccn2)c(C(=O)N2CCCN2Cc2ccc3c(c2)ncn3C)c1,MCFHOYZNJZWLPH-UHFFFAOYSA-N,0,antagonist,1.0,,O=C(c1ccccc1-n1nccn1)N1CCCN1Cc1ccc2[nH]cnc2c1,423
CHEMBL6160414,Cn1ncc(CC(=O)N(C2CCCC2)[C@@H](C(=O)NC23CC(C)(C2)C3)c2ccccc2)c1-n1nccn1,PRSUFQLITBMZLQ-OMXGPXTPSA-N,1,agonist,1.0,,O=C(NC12CC(C1)C2)[C@@H](c1ccccc1)N(C(=O)Cc1cn[nH]c1-n1nccn1)C1CCCC1,424
CHEMBL6160431,Cn1ncc(CC(=O)N(C(C(=O)NC23CC(C)(C2)C3)c2cccc(F)c2)C2(C)CC2)c1-c1ccccc1,PSNBARNEOMJHQN-UHFFFAOYSA-N,1,agonist,1.0,,O=C(NC12CC(C1)C2)C(c1ccccc1)N(C(=O)Cc1cn[nH]c1-c1ccccc1)C1CC1,425
CHEMBL6160598,Cn1ncc(CC(=O)N(C2CCCC2)C(C(=O)NC23CC(C)(C2)C3)c2ccccc2)c1-c1ncccn1,IHCSFRFHSFUKJH-UHFFFAOYSA-N,1,agonist,1.0,,O=C(NC12CC(C1)C2)C(c1ccccc1)N(C(=O)Cc1cn[nH]c1-c1ncccn1)C1CCCC1,426
CHEMBL6160702,COc1ccnc(N2CCC3(CCN(Cc4cn([11CH3])c5ccccc45)C(=O)C3)CC2)n1,CGBFQHSPZVVRDP-BJUDXGSMSA-N,0,antagonist,1.0,,O=C1CC2(CCN1Cc1c[nH]c3ccccc13)CCN(c1ncccn1)CC2,427
CHEMBL6160764,Cc1ccc(-n2nccn2)c(C(=O)N2CCCN2Cc2nc3ccccc3[nH]2)c1,IZDIKFXKOXGHPG-UHFFFAOYSA-N,0,antagonist,1.0,,O=C(c1ccccc1-n1nccn1)N1CCCN1Cc1nc2ccccc2[nH]1,428
CHEMBL6161100,Cn1ncc(CC(=O)N(C2CC2)C(C(=O)NC23CC(C)(C2)C3)c2cccc(F)c2)c1-c1ccccc1,XPZPOZCKXMRRQM-UHFFFAOYSA-N,1,agonist,1.0,,O=C(NC12CC(C1)C2)C(c1ccccc1)N(C(=O)Cc1cn[nH]c1-c1ccccc1)C1CC1,429
CHEMBL6161980,Cc1ccc(C)c(C(C(=O)NC23CC(C)(C2)C3)N(C(=O)Cc2cnn(C)c2-c2ccccc2)C2CCCC2)c1,LQJMTVWVCMUDSL-UHFFFAOYSA-N,1,agonist,1.0,,O=C(NC12CC(C1)C2)C(c1ccccc1)N(C(=O)Cc1cn[nH]c1-c1ccccc1)C1CCCC1,430
CHEMBL6162411,CO[C@H]1C[C@@H](N(C(=O)Cc2cnn(C)c2-c2ccccc2)C(C(=O)NC23CC(C)(C2)C3)c2cccc(F)c2)C1,SNUIQUZFSNNPSX-HUVHKPEDSA-N,1,agonist,1.0,,O=C(NC12CC(C1)C2)C(c1ccccc1)N(C(=O)Cc1cn[nH]c1-c1ccccc1)C1CCC1,431
CHEMBL6163591,Cc1nc2ccc(CN3CCCN3C(=O)c3c(-n4nccn4)ccc(C)c3C)cc2s1,WAXDBALKGHRNSI-UHFFFAOYSA-N,0,antagonist,1.0,,O=C(c1ccccc1-n1nccn1)N1CCCN1Cc1ccc2ncsc2c1,432
CHEMBL6163714,Cc1ccc(-n2nccn2)c(C(=O)N2CCCN2Cc2cn3cc(C)ccc3n2)c1,QWVVVMLHHMZQGJ-UHFFFAOYSA-N,0,antagonist,1.0,,O=C(c1ccccc1-n1nccn1)N1CCCN1Cc1cn2ccccc2n1,433
CHEMBL6164356,Cc1ccc(-n2nccn2)c(C(=O)N2CCCN2Cc2ccc3sc(C)nc3c2)c1,IGQAFZZMKHQWEW-UHFFFAOYSA-N,0,antagonist,1.0,,O=C(c1ccccc1-n1nccn1)N1CCCN1Cc1ccc2scnc2c1,434
CHEMBL6164447,CO[C@H]1C[C@H](N(C(=O)Cc2cnn(C)c2-c2ccccc2)C(C(=O)NC23CC(C)(C2)C3)c2cccc(F)c2)C1,SNUIQUZFSNNPSX-JOEMDENHSA-N,1,agonist,1.0,,O=C(NC12CC(C1)C2)C(c1ccccc1)N(C(=O)Cc1cn[nH]c1-c1ccccc1)C1CCC1,435
CHEMBL6164465,Cc1ccc(-n2ccc(CN3CCCN3C(=O)c3cc(C)ccc3-n3nccn3)n2)cc1,PYKQMUOCXAPRFU-UHFFFAOYSA-N,0,antagonist,1.0,,O=C(c1ccccc1-n1nccn1)N1CCCN1Cc1ccn(-c2ccccc2)n1,436
CHEMBL6164486,CC(C)N1CCN(c2cccc(C(F)F)c2NC(=O)N2CCC(C)(c3noc([C@@H]4C[C@@H]4F)n3)CC2)CC1,ZJOCAZZLOHQONS-MOPGFXCFSA-N,1,agonist,1.0,,O=C(Nc1ccccc1N1CCNCC1)N1CCC(c2noc(C3CC3)n2)CC1,437
CHEMBL6164783,COC(C)(C)CN(C(=O)Cc1cnn(C)c1-c1ccccc1)C(C(=O)NC12CC(C)(C1)C2)c1cccc(F)c1,ZNUPKDRCUUGFKI-UHFFFAOYSA-N,1,agonist,1.0,,O=C(Cc1cn[nH]c1-c1ccccc1)NC(C(=O)NC12CC(C1)C2)c1ccccc1,438
CHEMBL6164828,Cc1ccccc1C(C(=O)NC12CC(C)(C1)C2)N(C(=O)Cc1cnn(C)c1-c1ccccc1)C1CCCC1,HHHSLUFRMXMBKO-UHFFFAOYSA-N,1,agonist,1.0,,O=C(NC12CC(C1)C2)C(c1ccccc1)N(C(=O)Cc1cn[nH]c1-c1ccccc1)C1CCCC1,439
CHEMBL6164879,Cc1nsc(CC(=O)N(C2CCCC2)[C@@H](C(=O)NC23CC(C)(C2)C3)c2ccccc2)c1-c1ccccc1,DMGQXFWNTFQOPZ-WHIWCKBPSA-N,1,agonist,1.0,,O=C(NC12CC(C1)C2)[C@@H](c1ccccc1)N(C(=O)Cc1sncc1-c1ccccc1)C1CCCC1,440
CHEMBL6164954,Cn1ncc(CC(=O)N(C2CCCC2)[C@@H](C(=O)NC23CC(C)(C2)C3)c2ccccc2)c1-c1cccnc1,IMQHQARXDJNGSR-WWUHRCHBSA-N,1,agonist,1.0,,O=C(NC12CC(C1)C2)[C@@H](c1ccccc1)N(C(=O)Cc1cn[nH]c1-c1cccnc1)C1CCCC1,441
CHEMBL6165886,Cc1ccc(-n2nccn2)c(C(=O)N2CCCN2Cc2ccn(-c3ccccn3)n2)c1,FVDWZMVGINUWHO-UHFFFAOYSA-N,0,antagonist,1.0,,O=C(c1ccccc1-n1nccn1)N1CCCN1Cc1ccn(-c2ccccn2)n1,442
CHEMBL6166134,Cc1ccc(-n2nccn2)c(C(=O)N2CCCN(c3nc4cc(Cl)ccc4o3)C[C@@H]2C)c1,WSFZJZALHUICKW-INIZCTEOSA-N,0,antagonist,1.0,,O=C(c1ccccc1-n1nccn1)N1CCCN(c2nc3ccccc3o2)CC1,443
CHEMBL6166532,Cn1ncc(CC(=O)N(C2CCCC2)C(C(=O)NC23CC(C)(C2)C3)c2ccccc2C#N)c1-c1ccccc1,ISVXEIVAJNFOAK-UHFFFAOYSA-N,1,agonist,1.0,,O=C(NC12CC(C1)C2)C(c1ccccc1)N(C(=O)Cc1cn[nH]c1-c1ccccc1)C1CCCC1,444
CHEMBL6166717,Cn1ncc(CC(=O)N(C2CCCC2)C(C(=O)NC23CC(C)(C2)C3)c2ccccc2)c1-c1coc(C2CC2)n1,DEEOIPUVSAFNFJ-UHFFFAOYSA-N,1,agonist,1.0,,O=C(NC12CC(C1)C2)C(c1ccccc1)N(C(=O)Cc1cn[nH]c1-c1coc(C2CC2)n1)C1CCCC1,445
CHEMBL6167065,Cn1ncc(CC(=O)N(C(C(=O)NC23CC(C)(C2)C3)c2cccc(F)c2)C(C)(C)C)c1-c1ccccc1,SPRDMKRZQDWIFS-UHFFFAOYSA-N,1,agonist,1.0,,O=C(Cc1cn[nH]c1-c1ccccc1)NC(C(=O)NC12CC(C1)C2)c1ccccc1,446
CHEMBL6167369,Cn1ncc(CC(=O)N(C2CCCC2)C(C(=O)NC23CC(C)(C2)C3)c2cnccn2)c1-c1ccccc1,FGCWUSILKCIKMY-UHFFFAOYSA-N,1,agonist,1.0,,O=C(NC12CC(C1)C2)C(c1cnccn1)N(C(=O)Cc1cn[nH]c1-c1ccccc1)C1CCCC1,447
CHEMBL6167627,Cc1nc2ccc(CN3C[C@H](C)CN3C(=O)c3cc(Cl)ccc3-n3nccn3)cc2s1,JYRBXZIDSLBFTL-AWEZNQCLSA-N,0,antagonist,1.0,,O=C(c1ccccc1-n1nccn1)N1CCCN1Cc1ccc2ncsc2c1,448
CHEMBL6167673,CCc1cccc(-n2ccc(CN3CCCN3C(=O)c3cc(C)ccc3-n3nccn3)n2)n1,OZHAXYDBUUPZOG-UHFFFAOYSA-N,0,antagonist,1.0,,O=C(c1ccccc1-n1nccn1)N1CCCN1Cc1ccn(-c2ccccn2)n1,449
CHEMBL6168246,Cn1nnc(-c2c(CC(=O)N(C3CCCC3)C(C(=O)NC34CC(C)(C3)C4)c3ccccc3)cnn2C)n1,GCJVWOKTKPETFI-UHFFFAOYSA-N,1,agonist,1.0,,O=C(NC12CC(C1)C2)C(c1ccccc1)N(C(=O)Cc1cn[nH]c1-c1nn[nH]n1)C1CCCC1,450
CHEMBL6168505,Cc1ccc(-n2nccn2)c(C(=O)N2CCCN2Cc2ccn(-c3cccc(C)n3)n2)c1,QUGVEUUHHSDXNR-UHFFFAOYSA-N,0,antagonist,1.0,,O=C(c1ccccc1-n1nccn1)N1CCCN1Cc1ccn(-c2ccccn2)n1,451
CHEMBL6168640,Cn1nnc(-c2oncc2CC(=O)N(C2CC3(CC3)C2)[C@@H](C(=O)NC23CC(C)(C2)C3)c2cc(F)ccc2F)n1,YZRHQNXMUZBFOG-KYDWWNIQSA-N,1,agonist,1.0,,O=C(NC12CC(C1)C2)[C@@H](c1ccccc1)N(C(=O)Cc1cnoc1-c1nn[nH]n1)C1CC2(CC2)C1,452
CHEMBL6168906,Cn1ncc(CC(=O)N(C2CC3(CC3)C2)C(C(=O)NC23CC(C)(C2)C3)c2cccc(F)c2)c1-c1ccccc1,ADCRPASRTJKBFF-UHFFFAOYSA-N,1,agonist,1.0,,O=C(NC12CC(C1)C2)C(c1ccccc1)N(C(=O)Cc1cn[nH]c1-c1ccccc1)C1CC2(CC2)C1,453
CHEMBL6169688,CC(C)N(C(=O)Cc1cnn(C)c1-c1ccccc1)[C@@H](c1cn(C23CC(C)(C2)C3)nn1)c1cc(F)ccc1F,DEOSSVFBJKDTJX-AYMNYOFFSA-N,1,agonist,1.0,,O=C(Cc1cn[nH]c1-c1ccccc1)N[C@H](c1ccccc1)c1cn(C23CC(C2)C3)nn1,454
CHEMBL6170101,Cc1ccc(-n2nccn2)c(C(=O)N2CCCN2Cc2ccc3nc(C)sc3c2)c1,PEHUFHHZPWTSRG-UHFFFAOYSA-N,0,antagonist,1.0,,O=C(c1ccccc1-n1nccn1)N1CCCN1Cc1ccc2ncsc2c1,455
CHEMBL6170302,Cc1nc2ccc(CN3CCC(C)N3C(=O)c3cc(Cl)ccc3-n3nccn3)cc2s1,GCWAKZRLBIHODG-UHFFFAOYSA-N,0,antagonist,1.0,,O=C(c1ccccc1-n1nccn1)N1CCCN1Cc1ccc2ncsc2c1,456
CHEMBL6170458,CC1(c2noc([C@@H]3C[C@@H]3F)n2)CCN(C(=O)Nc2c(C#N)cccc2-c2ccc(C3CC3)nc2)CC1,KVBHCWUASWKQAI-RTWAWAEBSA-N,1,agonist,1.0,,O=C(Nc1ccccc1-c1ccc(C2CC2)nc1)N1CCC(c2noc(C3CC3)n2)CC1,457
CHEMBL6170618,O=C(NC1CCCCC1)[C@@H](c1ccccc1)N(C[C@H]1CCCO1)C(=O)Cn1cncc1-c1ccccc1,JWOAUYVRSFRKNE-GGXMVOPNSA-N,1,agonist,1.0,,O=C(NC1CCCCC1)[C@@H](c1ccccc1)N(C[C@H]1CCCO1)C(=O)Cn1cncc1-c1ccccc1,458
CHEMBL6170683,CC12CC(NC(=O)[C@@H](c3ccccc3)N(C(=O)Cc3cnn(C(F)F)c3-c3ccccc3)C3CCCC3)(C1)C2,UHARBNSQZXQJIG-MRAVXTPNSA-N,1,agonist,1.0,,O=C(NC12CC(C1)C2)[C@@H](c1ccccc1)N(C(=O)Cc1cn[nH]c1-c1ccccc1)C1CCCC1,459
CHEMBL6170769,Cn1ncc(CC(=O)N(C2CCCC2)C(C(=O)NC23CC(C)(C2)C3)c2cc(F)ccc2F)c1-c1ccccc1,IHJVXTQHQKSHQF-UHFFFAOYSA-N,1,agonist,1.0,,O=C(NC12CC(C1)C2)C(c1ccccc1)N(C(=O)Cc1cn[nH]c1-c1ccccc1)C1CCCC1,460
CHEMBL6170848,Cc1ccc(-n2nccn2)c(C(=O)N2CCCN2Cc2nc3c(Cl)cccc3o2)c1,GDMUTBOGZHACKK-UHFFFAOYSA-N,0,antagonist,1.0,,O=C(c1ccccc1-n1nccn1)N1CCCN1Cc1nc2ccccc2o1,461
CHEMBL6171043,Cn1ncc(CC(=O)N(C(C(=O)NC23CC(C)(C2)C3)c2cccc(F)c2)C2(C)CCC2)c1-c1ccccc1,IKTVOFSWPPTDHQ-UHFFFAOYSA-N,1,agonist,1.0,,O=C(NC12CC(C1)C2)C(c1ccccc1)N(C(=O)Cc1cn[nH]c1-c1ccccc1)C1CCC1,462
CHEMBL6171124,CC12CC(NC(=O)[C@@H](c3ccccc3)N(C(=O)Cn3cnc(Cl)c3-c3ccccc3)C3CCCC3)(C1)C2,VVVTWEQEJVIGDC-YTJKGUGLSA-N,1,agonist,1.0,,O=C(NC12CC(C1)C2)[C@@H](c1ccccc1)N(C(=O)Cn1cncc1-c1ccccc1)C1CCCC1,463
CHEMBL6171162,Cc1ccc(F)cc1C(C(=O)NC12CC(C)(C1)C2)N(C(=O)Cc1cnn(C)c1-c1ccccc1)C1CCCC1,QMPPDQYWCBLARH-UHFFFAOYSA-N,1,agonist,1.0,,O=C(NC12CC(C1)C2)C(c1ccccc1)N(C(=O)Cc1cn[nH]c1-c1ccccc1)C1CCCC1,464
CHEMBL6171547,Cc1ccc(-n2nccn2)c(C(=O)N2CCCN2Cc2nc3cc(C)c(C)cc3[nH]2)c1,ICZLJFPZISGSCI-UHFFFAOYSA-N,0,antagonist,1.0,,O=C(c1ccccc1-n1nccn1)N1CCCN1Cc1nc2ccccc2[nH]1,465
CHEMBL6171725,Cn1ncc(CC(=O)N(C[C@H]2CCCO2)C(C(=O)NC23CC(C)(C2)C3)c2cccc(F)c2)c1-c1ccccc1,BVBMIJOXTYCXSG-CMWXRPLHSA-N,1,agonist,1.0,,O=C(NC12CC(C1)C2)C(c1ccccc1)N(C[C@H]1CCCO1)C(=O)Cc1cn[nH]c1-c1ccccc1,466
CHEMBL6171740,Cc1nc2ccc(CN3CCCN3C(=O)c3ccccc3-c3ncccn3)cc2s1,SDOWCYJJUPJFRS-UHFFFAOYSA-N,0,antagonist,1.0,,O=C(c1ccccc1-c1ncccn1)N1CCCN1Cc1ccc2ncsc2c1,467
CHEMBL6171833,Cc1nc2ccc(CN3C(C)CCN3C(=O)c3cc(Cl)ccc3-n3nccn3)cc2s1,QXMGSPFQYPFZOH-UHFFFAOYSA-N,0,antagonist,1.0,,O=C(c1ccccc1-n1nccn1)N1CCCN1Cc1ccc2ncsc2c1,468
CHEMBL6171945,CC(C)N(C(=O)Cc1cnn(C)c1-c1ccccc1)[C@@H](C(=O)NC12CC(C)(C1)C2)c1cc(F)ccc1F,OOFUSRCQQYUYMT-CSJMBUEXSA-N,1,agonist,1.0,,O=C(Cc1cn[nH]c1-c1ccccc1)N[C@@H](C(=O)NC12CC(C1)C2)c1ccccc1,469
CHEMBL6172205,Cn1ncc(CC(=O)N(C2CCCC2)C(C(=O)NC23CC(C)(C2)C3)c2ccccc2)c1-c1ccccn1,YNIAUKXWZLWGCV-UHFFFAOYSA-N,1,agonist,1.0,,O=C(NC12CC(C1)C2)C(c1ccccc1)N(C(=O)Cc1cn[nH]c1-c1ccccn1)C1CCCC1,470
CHEMBL6172287,Cc1ncn(CC(=O)N(C2CCCC2)[C@@H](C(=O)NC23CC(C)(C2)C3)c2ccccc2)c1-c1ccccc1,RVRYWHWMONLUNF-WHIWCKBPSA-N,1,agonist,1.0,,O=C(NC12CC(C1)C2)[C@@H](c1ccccc1)N(C(=O)Cn1cncc1-c1ccccc1)C1CCCC1,471
CHEMBL6172460,COc1cc2nc(CN3CCCN3C(=O)c3cc(C)ccc3-n3nccn3)[nH]c2cc1Cl,DQSBKYYHPPSULB-UHFFFAOYSA-N,0,antagonist,1.0,,O=C(c1ccccc1-n1nccn1)N1CCCN1Cc1nc2ccccc2[nH]1,472
CHEMBL6172584,Cc1nc2ccc(CN3CCCN3C(=O)c3cc(F)ccc3-n3nccn3)cc2s1,JSFQHRPUQZKVEN-UHFFFAOYSA-N,0,antagonist,1.0,,O=C(c1ccccc1-n1nccn1)N1CCCN1Cc1ccc2ncsc2c1,473
CHEMBL6172750,Cc1nc2ccc(CN3CCCN3C(=O)c3ccccc3-n3nccn3)cc2s1,SWJBFNAWLRQCDP-UHFFFAOYSA-N,0,antagonist,1.0,,O=C(c1ccccc1-n1nccn1)N1CCCN1Cc1ccc2ncsc2c1,474
CHEMBL6172835,Cc1ccc(-n2nccn2)c(C(=O)N2CCCN2Cc2ccn(C3CCCCC3)n2)c1,KXPHIXYEJAQFQN-UHFFFAOYSA-N,0,antagonist,1.0,,O=C(c1ccccc1-n1nccn1)N1CCCN1Cc1ccn(C2CCCCC2)n1,475
CHEMBL6173491,Cn1nnc(-c2c(CC(=O)N(C3CC4(CC4)C3)[C@@H](C(=O)NC34CC(C)(C3)C4)c3ccccc3Cl)cnn2C)n1,VISPMBIEPDUAHZ-JJKUMZFKSA-N,1,agonist,1.0,,O=C(NC12CC(C1)C2)[C@@H](c1ccccc1)N(C(=O)Cc1cn[nH]c1-c1nn[nH]n1)C1CC2(CC2)C1,476
CHEMBL6173512,COc1cccc(-c2c(CC(=O)N(C3CCCC3)C(C(=O)NC34CC(C)(C3)C4)c3ccccc3)cnn2C)c1F,ONCKQUBOVIPKFS-UHFFFAOYSA-N,1,agonist,1.0,,O=C(NC12CC(C1)C2)C(c1ccccc1)N(C(=O)Cc1cn[nH]c1-c1ccccc1)C1CCCC1,477
CHEMBL6173843,Cc1ccc(F)c(C(C(=O)NC23CC(C)(C2)C3)N(C(=O)Cc2cnn(C)c2-c2ccccc2)C2CCCC2)c1,JDTJTQCSWMJHNF-UHFFFAOYSA-N,1,agonist,1.0,,O=C(NC12CC(C1)C2)C(c1ccccc1)N(C(=O)Cc1cn[nH]c1-c1ccccc1)C1CCCC1,478
CHEMBL6174165,COc1cccc(-c2c(CC(=O)N(C3CCCC3)C(C(=O)NC34CC(C)(C3)C4)c3ccccc3)cnn2C)c1,DJZRDKBRTCDKMO-UHFFFAOYSA-N,1,agonist,1.0,,O=C(NC12CC(C1)C2)C(c1ccccc1)N(C(=O)Cc1cn[nH]c1-c1ccccc1)C1CCCC1,479
CHEMBL6174189,Cn1ncc(CC(=O)N(C2CCC2)C(C(=O)NC23CC(C)(C2)C3)c2cccc(F)c2)c1-c1ccccc1,LUAHBRXGHLTXQU-UHFFFAOYSA-N,1,agonist,1.0,,O=C(NC12CC(C1)C2)C(c1ccccc1)N(C(=O)Cc1cn[nH]c1-c1ccccc1)C1CCC1,480
CHEMBL6174780,Cc1ccc(-n2nccn2)c(C(=O)N2CCCN2Cc2ccc3nc(C)oc3c2)c1,ATHNNHFRBNSXFT-UHFFFAOYSA-N,0,antagonist,1.0,,O=C(c1ccccc1-n1nccn1)N1CCCN1Cc1ccc2ncoc2c1,481
CHEMBL6174884,Cn1ncc(CC(=O)N(C2CCCC2)[C@@H](C(=O)NC23CC(C)(C2)C3)c2ccccc2)c1N1CCCCC1,VNVNCDTZKWFBAV-YTJKGUGLSA-N,1,agonist,1.0,,O=C(NC12CC(C1)C2)[C@@H](c1ccccc1)N(C(=O)Cc1cn[nH]c1N1CCCCC1)C1CCCC1,482
CHEMBL6174949,Cn1ncc(CC(=O)N(C2CCCC2)[C@@H](C(=O)NC23CC(C)(C2)C3)c2ccccc2)c1-c1ccccc1,GAHNIRRCPXPLCL-WHIWCKBPSA-N,1,agonist,1.0,,O=C(NC12CC(C1)C2)[C@@H](c1ccccc1)N(C(=O)Cc1cn[nH]c1-c1ccccc1)C1CCCC1,483
CHEMBL6174954,O=C(NC1CCCCC1)[C@@H](c1ccccc1)N(C[C@H]1CCCO1)C(=O)Cn1cnc2ccccc21,FAGSRMKAOASCPA-YIXXDRMTSA-N,1,agonist,1.0,,O=C(NC1CCCCC1)[C@@H](c1ccccc1)N(C[C@H]1CCCO1)C(=O)Cn1cnc2ccccc21,484
CHEMBL6174990,CC(C)CN(C(=O)Cc1cnn(C)c1-c1ccccc1)C(C(=O)NC12CC(C)(C1)C2)c1cccc(F)c1,FVCARQZZOMGCHW-UHFFFAOYSA-N,1,agonist,1.0,,O=C(Cc1cn[nH]c1-c1ccccc1)NC(C(=O)NC12CC(C1)C2)c1ccccc1,485
CHEMBL6175046,Cc1nc2ccc(CN3CCCN3C(=O)c3cc(Cl)ccc3-n3nccn3)cc2s1,ALSUHNRRMDFCPI-UHFFFAOYSA-N,0,antagonist,1.0,,O=C(c1ccccc1-n1nccn1)N1CCCN1Cc1ccc2ncsc2c1,486
CHEMBL6175295,O=C(NC1CCCCC1)C(c1ccccc1)N(CC1CCCO1)C(=O)Cn1cnc2ccccc21,FAGSRMKAOASCPA-UHFFFAOYSA-N,1,agonist,1.0,,O=C(NC1CCCCC1)C(c1ccccc1)N(CC1CCCO1)C(=O)Cn1cnc2ccccc21,487
CHEMBL6175314,Cn1ncc(CC(=O)N(C(C(=O)NC23CC(C)(C2)C3)c2cccc(F)c2)C23CC(C)(C2)C3)c1-c1ccccc1,CSVVTLMZLPZEPM-UHFFFAOYSA-N,1,agonist,1.0,,O=C(NC12CC(C1)C2)C(c1ccccc1)N(C(=O)Cc1cn[nH]c1-c1ccccc1)C12CC(C1)C2,488
CHEMBL6175732,COc1ccc(C)cc1C(C(=O)NC12CC(C)(C1)C2)N(C(=O)Cc1cnn(C)c1-c1ccccc1)C1CCCC1,IPTSSARHBFJHMB-UHFFFAOYSA-N,1,agonist,1.0,,O=C(NC12CC(C1)C2)C(c1ccccc1)N(C(=O)Cc1cn[nH]c1-c1ccccc1)C1CCCC1,489
CHEMBL6175763,CC(C)N(C(=O)Cc1cnn(C)c1-c1ccccc1)C(C(=O)NC12CC(C)(C1)C2)c1cccc(F)c1,ONDYNGJSVWKVPZ-UHFFFAOYSA-N,1,agonist,1.0,,O=C(Cc1cn[nH]c1-c1ccccc1)NC(C(=O)NC12CC(C1)C2)c1ccccc1,490
CHEMBL6175965,COC12CC(N(C(=O)Cc3cnn(C)c3-c3ccccc3)C(C(=O)NC34CC(C)(C3)C4)c3cccc(F)c3)(C1)C2,XRSCQBHDIBLSHI-UHFFFAOYSA-N,1,agonist,1.0,,O=C(NC12CC(C1)C2)C(c1ccccc1)N(C(=O)Cc1cn[nH]c1-c1ccccc1)C12CC(C1)C2,491
CHEMBL6176030,Cn1ncc(CC(=O)N(C2CCCC2)C(C(=O)NC23CC(C)(C2)C3)c2ccccc2)c1C1CCC1,KKJBXPAAVFHMKL-UHFFFAOYSA-N,1,agonist,1.0,,O=C(NC12CC(C1)C2)C(c1ccccc1)N(C(=O)Cc1cn[nH]c1C1CCC1)C1CCCC1,492
CHEMBL6176064,Cn1ccc(-c2c(CC(=O)N(C3CCCC3)C(C(=O)NC34CC(C)(C3)C4)c3ccccc3)cnn2C)n1,NRNMCXRFDYQWFT-UHFFFAOYSA-N,1,agonist,1.0,,O=C(NC12CC(C1)C2)C(c1ccccc1)N(C(=O)Cc1cn[nH]c1-c1cc[nH]n1)C1CCCC1,493
CHEMBL6176391,Cn1ncc(CC(=O)N(C2CCCC2)C(C(=O)NC23CC(C)(C2)C3)c2ccccc2Cl)c1-c1ccccc1,BUSJTROTAGACIM-UHFFFAOYSA-N,1,agonist,1.0,,O=C(NC12CC(C1)C2)C(c1ccccc1)N(C(=O)Cc1cn[nH]c1-c1ccccc1)C1CCCC1,494
CHEMBL6176706,CC12CC(NC(=O)[C@@H](c3ccccc3)N(C(=O)Cc3cnoc3-c3ccccc3)C3CCCC3)(C1)C2,WCIJDSGTZUIZDE-YTJKGUGLSA-N,1,agonist,1.0,,O=C(NC12CC(C1)C2)[C@@H](c1ccccc1)N(C(=O)Cc1cnoc1-c1ccccc1)C1CCCC1,495
CHEMBL6176942,Cn1ncc(CC(=O)N(C2CCCC2)C(C(=O)NC23CC(C)(C2)C3)c2ccccc2)c1-c1ccc(F)cc1F,XJQMZQFICFWCNG-UHFFFAOYSA-N,1,agonist,1.0,,O=C(NC12CC(C1)C2)C(c1ccccc1)N(C(=O)Cc1cn[nH]c1-c1ccccc1)C1CCCC1,496
CHEMBL6177005,Cn1ncc(CC(=O)N(C2CCCC2)[C@@H](C(=O)NC23CC(C)(C2)C3)c2cccc(F)c2)c1-c1ccccc1,QALYAVBQOZWXJM-WHIWCKBPSA-N,1,agonist,1.0,,O=C(NC12CC(C1)C2)[C@@H](c1ccccc1)N(C(=O)Cc1cn[nH]c1-c1ccccc1)C1CCCC1,497
CHEMBL6177048,Cc1ncn(CC(=O)N(C[C@H]2CCCO2)[C@@H](C(=O)NC2CCCCC2)c2ccccc2)c1-c1ccccc1,FEFUPMUMURYKBP-POURPWNDSA-N,1,agonist,1.0,,O=C(NC1CCCCC1)[C@@H](c1ccccc1)N(C[C@H]1CCCO1)C(=O)Cn1cncc1-c1ccccc1,498
CHEMBL6177175,Cn1ncc(CC(=O)N(C2CCCC2)C(C(=O)NC23CC(C)(C2)C3)c2cc(F)ncc2F)c1-c1ccccc1,XJSHPRUBDYVRJD-UHFFFAOYSA-N,1,agonist,1.0,,O=C(NC12CC(C1)C2)C(c1ccncc1)N(C(=O)Cc1cn[nH]c1-c1ccccc1)C1CCCC1,499
CHEMBL6177443,Cn1ncc(CC(=O)N(CC2(O)CC2)C(C(=O)NC23CC(C)(C2)C3)c2cccc(F)c2)c1-c1ccccc1,APSDSIOSQYFJMN-UHFFFAOYSA-N,1,agonist,1.0,,O=C(NC12CC(C1)C2)C(c1ccccc1)N(CC1CC1)C(=O)Cc1cn[nH]c1-c1ccccc1,500
