feature,mean_abs_shap
ecfp4_1504,2.013198186472388
SlogP_VSA1,0.9616352608096514
BCUT2D_LOGPLOW,0.7986126004598686
ecfp4_193,0.46573733276613855
VSA_EState4,0.3765125671791078
Chi2n,0.3736476687160042
PEOE_VSA11,0.3234635376444354
SlogP_VSA8,0.31643380301806595
ecfp4_1920,0.3077161798855376
Chi2v,0.285870885840473
AvgIpc,0.2589303510464272
SlogP_VSA3,0.2529929311649822
Kappa3,0.23752159380762772
VSA_EState2,0.20303141210590425
SMR_VSA7,0.20206623368654694
fr_Ndealkylation2,0.19958776072959356
ecfp4_668,0.19695830502509123
BCUT2D_MWLOW,0.19145439893171062
fr_imidazole,0.19104444530370465
EState_VSA6,0.1804737761573901
EState_VSA2,0.16253064777564225
Chi3n,0.15822788049119052
SlogP_VSA6,0.15382784346913353
ecfp4_862,0.15092245172045915
SlogP_VSA2,0.14709304861578787
PEOE_VSA13,0.14367168070110625
NumAromaticCarbocycles,0.14016052705107637
SMR_VSA10,0.14003581427395317
fr_NH1,0.13942479994925466
ecfp4_1,0.1393750293897347
MaxAbsPartialCharge,0.13021410298871644
BCUT2D_LOGPHI,0.1196652476321416
VSA_EState1,0.11921410275755792
NumAmideBonds,0.11443912539294665
ecfp4_1527,0.10761764327251408
ecfp4_558,0.10588644921601624
SMR_VSA5,0.10517173214027019
ecfp4_1991,0.1029473237216927
VSA_EState6,0.0952776678987542
ecfp4_389,0.09035619933326981
SMR_VSA2,0.09015071221266806
FpDensityMorgan3,0.0877284350965548
FractionCSP3,0.08643438858113826
ecfp4_857,0.08604229198838678
MaxPartialCharge,0.08435689631000959
PEOE_VSA2,0.0832616523058318
BCUT2D_CHGHI,0.0787491254385755
SMR_VSA9,0.07334933692526836
HallKierAlpha,0.06995332930849593
ecfp4_1691,0.06989397104321775
NumAliphaticHeterocycles,0.06927701870301298
NumAtomStereoCenters,0.06653656230211286
VSA_EState7,0.06299532571602649
ecfp4_896,0.062145577129305185
Chi4n,0.05963306598102521
PEOE_VSA9,0.05719802762311006
NumRotatableBonds,0.056439010995922925
VSA_EState5,0.05570330716043761
PEOE_VSA12,0.054826769027431936
BCUT2D_MRHI,0.05180443570489473
PEOE_VSA3,0.04341079222413351
SPS,0.04238175588483093
NumBridgeheadAtoms,0.0416204338392169
SlogP_VSA5,0.04122071968792034
ecfp4_1471,0.0386686200346831
fr_urea,0.0385278981865778
MinPartialCharge,0.03503734423979411
TPSA,0.03443508595134145
ecfp4_1953,0.03418173523887804
BalabanJ,0.03392009262877923
NumAromaticRings,0.03378666929042868
ecfp4_1097,0.033759172231291365
Chi1v,0.03350598701822121
ecfp4_94,0.033222973460793774
ecfp4_126,0.03130950838273543
EState_VSA4,0.030953323512416916
ecfp4_490,0.030358177569469125
Chi0,0.03013019062647955
fr_amide,0.02976307125828954
SlogP_VSA10,0.02970043634864279
PEOE_VSA1,0.029108162182221092
ecfp4_310,0.02881266520063071
SMR_VSA6,0.027740982873498906
EState_VSA7,0.027278833434601347
fr_benzene,0.026780122651799618
BCUT2D_CHGLO,0.026628916210409366
ecfp4_463,0.026017596041118547
ecfp4_1767,0.026010685581563466
FpDensityMorgan2,0.025283181813171546
ecfp4_446,0.02461309467984123
ecfp4_1075,0.0238337948327169
NumSaturatedRings,0.02301097652845158
ecfp4_1065,0.022572555021395286
ecfp4_661,0.02208809324689085
EState_VSA3,0.02132618524458478
ecfp4_409,0.021015701520503274
PEOE_VSA10,0.020274253780652406
PEOE_VSA6,0.019965391210504516
ecfp4_1160,0.01986166340958789
SMR_VSA3,0.019493351365240188
NHOHCount,0.018733341340745772
ecfp4_1206,0.01868859136787045
PEOE_VSA7,0.018675560182428615
ecfp4_543,0.01866370734889684
SlogP_VSA4,0.018032998701794978
Phi,0.01749610441886911
NumValenceElectrons,0.017390271790468016
MolLogP,0.017278212882150697
VSA_EState8,0.01693206796594567
EState_VSA5,0.01649600319077757
Chi3v,0.016340535248886286
Chi4v,0.016264986803602277
Chi1n,0.016168689919319593
Kappa2,0.015989534856224168
RingCount,0.015464269572690302
Chi1,0.015050809891368217
ecfp4_802,0.014744844525659218
LabuteASA,0.01435944593673136
ecfp4_875,0.014354030141647526
ecfp4_1855,0.014333976650224924
ecfp4_249,0.014268979264745081
BCUT2D_MRLOW,0.014012501325999599
MinAbsPartialCharge,0.01398642204320962
SMR_VSA1,0.013916747449969149
fr_bicyclic,0.013879852353065946
ecfp4_1917,0.013421595093419642
NumAliphaticRings,0.013300446554276518
ecfp4_1162,0.012874643443416394
ecfp4_235,0.012677987243968066
MinEStateIndex,0.012665222484189139
Chi0n,0.012032582362195322
ecfp4_528,0.01169957469937706
ecfp4_1648,0.011482602641161285
ecfp4_1349,0.011396945650379804
VSA_EState9,0.01108551265993625
ecfp4_1495,0.010630348884075736
BCUT2D_MWHI,0.010356220919149704
MolWt,0.009690918851742093
BertzCT,0.009507147820899038
ecfp4_566,0.009443878208261947
SlogP_VSA11,0.009272292126119009
EState_VSA1,0.009188864393281546
EState_VSA8,0.009101215867667385
ExactMolWt,0.009085799581312962
Chi0v,0.00900562432494713
ecfp4_623,0.008592647978029819
ecfp4_1872,0.008478478719202532
MinAbsEStateIndex,0.008444154977193944
HeavyAtomMolWt,0.008229884537842947
NumAliphaticCarbocycles,0.00811068027849401
ecfp4_785,0.007850451037547602
qed,0.007767833372599757
ecfp4_1066,0.007709830148100236
ecfp4_1292,0.0073664814395505915
ecfp4_325,0.0073610369453696745
Ipc,0.007311126233193814
Kappa1,0.0072273524043241
MaxAbsEStateIndex,0.006872174806575805
ecfp4_305,0.006839916154396556
SMR_VSA4,0.006734783833322491
ecfp4_730,0.006659248202435431
ecfp4_1480,0.005872843359950326
ecfp4_1067,0.0056667534266961065
fr_sulfonamd,0.005635805784873503
ecfp4_283,0.0054982648030832545
ecfp4_1861,0.005368483264329128
fr_halogen,0.005281475788951402
NumHeteroatoms,0.005279513502700853
NumHeterocycles,0.005116425304648273
NumHAcceptors,0.00495158438650863
ecfp4_43,0.004939238305033355
ecfp4_1140,0.004745014846260194
ecfp4_1546,0.004651757371148287
PEOE_VSA8,0.00461466329301563
fr_piperdine,0.004580243298357707
ecfp4_718,0.004352588112935402
ecfp4_1823,0.004211604161746732
ecfp4_1028,0.004211346705374488
ecfp4_680,0.004064249463661361
ecfp4_264,0.004048482298362231
ecfp4_1312,0.003972403864228169
ecfp4_692,0.003914761673344777
ecfp4_458,0.003839786255373545
ecfp4_68,0.0038255327614389436
ecfp4_1063,0.003801984762674615
ecfp4_1816,0.0037514143962264403
MaxEStateIndex,0.00372221341985343
ecfp4_1536,0.0036979646806686757
ecfp4_679,0.0036406975278825394
VSA_EState3,0.0036344159495095276
ecfp4_1182,0.0036109255128766306
ecfp4_1487,0.0034795594695711933
ecfp4_1416,0.003478833709366751
ecfp4_1922,0.003428616683787258
MolMR,0.0034209281101914442
ecfp4_335,0.003388609243569282
fr_ether,0.003352948085290987
ecfp4_841,0.003176788159839986
ecfp4_380,0.003144637211964804
FpDensityMorgan1,0.002965014269997366
ecfp4_351,0.002964561389857608
ecfp4_1687,0.0029408001729957114
ecfp4_1270,0.0028622537716700186
PEOE_VSA14,0.0028277047755922878
ecfp4_247,0.00279174674768026
fr_aryl_methyl,0.002784257216440619
PEOE_VSA4,0.002779155520413066
ecfp4_422,0.0027723773640772904
ecfp4_1238,0.0027505383635416077
ecfp4_1236,0.002696637811887446
ecfp4_743,0.002596650001631727
fr_para_hydroxylation,0.0024989704568837076
ecfp4_492,0.002479453355194982
ecfp4_1365,0.002434193945304567
ecfp4_80,0.002381890461041762
ecfp4_650,0.002271309163315711
ecfp4_1765,0.002260339248387386
ecfp4_1430,0.002107727915181289
ecfp4_231,0.002020406587931318
ecfp4_1970,0.0020192034827499596
ecfp4_253,0.0019866096711116856
EState_VSA9,0.001980193396736224
ecfp4_502,0.0019712210871810636
ecfp4_832,0.0019482006555880326
ecfp4_1984,0.0019233402178517847
ecfp4_314,0.0019124680385460336
ecfp4_1476,0.0018837384393918448
ecfp4_370,0.001861959627067818
ecfp4_79,0.0017366835693814863
ecfp4_1517,0.001700029161002482
ecfp4_1993,0.001696246661489926
ecfp4_1304,0.0015819596367319792
fr_C_O,0.0015457490110439588
ecfp4_159,0.0015311870016026183
ecfp4_1573,0.001521798025728852
NumUnspecifiedAtomStereoCenters,0.0014964405995239142
ecfp4_1391,0.0014366077068705635
ecfp4_423,0.0014355906107352415
ecfp4_980,0.0014206954374204601
ecfp4_242,0.001363456686865952
ecfp4_1079,0.0013615686890705854
ecfp4_1812,0.0013423976179393528
ecfp4_1491,0.001318888605777882
ecfp4_1718,0.001311554747827704
HeavyAtomCount,0.0013026288575239981
ecfp4_1274,0.001252315310915337
ecfp4_227,0.001237526688496815
ecfp4_809,0.001186456420733916
SlogP_VSA7,0.001170168906189372
ecfp4_1526,0.001163358598796158
ecfp4_950,0.0011573416668999444
ecfp4_339,0.0011393360345563395
ecfp4_1754,0.001111135830518402
ecfp4_1167,0.0011073462460340652
ecfp4_1452,0.001083978760301274
ecfp4_1039,0.0010652832446366733
ecfp4_1468,0.0010464698191427213
ecfp4_1260,0.0010386447253311662
fr_ester,0.0009878067489904377
fr_Ar_N,0.0009702965736277302
ecfp4_1913,0.0009483375050276026
ecfp4_1561,0.0009466631461319243
ecfp4_772,0.000939052353711556
ecfp4_1282,0.0009305933727128287
ecfp4_1968,0.0009212412337808877
ecfp4_232,0.0008650126919403848
ecfp4_378,0.0008503854548114845
fr_NH0,0.0008137788116785009
ecfp4_1055,0.0007765184731746362
fr_aniline,0.0007764748588804017
ecfp4_1624,0.0007579421119741114
ecfp4_334,0.0007557568570240498
fr_Al_OH,0.0007009164315586725
VSA_EState10,0.0006749121133419325
ecfp4_1163,0.0006721036671372482
fr_pyridine,0.0006536406086171738
NumHDonors,0.0006419183810404466
ecfp4_806,0.0006084819223817081
ecfp4_547,0.0005820801855826943
ecfp4_732,0.0005598486477195664
ecfp4_1988,0.0005422262389128134
ecfp4_119,0.0005053170110690858
ecfp4_1423,0.0005032916152511104
ecfp4_618,0.0004852443552262708
ecfp4_298,0.00046271405255784076
ecfp4_1256,0.0004617039574019721
ecfp4_1357,0.00044006733857591306
ecfp4_1738,0.00043904967160459264
ecfp4_1192,0.00042245470828039257
ecfp4_268,0.00042162752425804474
ecfp4_1009,0.00041061469195433157
ecfp4_250,0.0003680185676492633
ecfp4_1370,0.0003643139103822379
ecfp4_807,0.0003624582759231781
ecfp4_812,0.0003607599777358019
ecfp4_866,0.00035258005384483225
ecfp4_1321,0.00034628401121615965
ecfp4_1380,0.00033094142769919037
ecfp4_25,0.0003306571643412566
ecfp4_1895,0.0003237774256967657
ecfp4_971,0.0003146662331448112
ecfp4_1750,0.0003117100312343947
ecfp4_562,0.00029961856253771864
NumAromaticHeterocycles,0.00029011563767249816
ecfp4_265,0.0002867853173721686
ecfp4_393,0.00028208278648184933
ecfp4_197,0.0002514098723830296
NumSaturatedCarbocycles,0.0002506281647421918
ecfp4_286,0.0002420012586317415
EState_VSA10,0.00024043525684233453
ecfp4_526,0.00021931414885448922
NOCount,0.00020607172990600245
ecfp4_1653,0.00019909442973025434
ecfp4_137,0.00019001567616158747
ecfp4_1019,0.0001862129836768061
ecfp4_974,0.00018532262662137583
ecfp4_1853,0.0001733942900502161
ecfp4_712,0.00016410565539019627
ecfp4_1581,0.0001597266893955615
ecfp4_1945,0.00015663098208448404
ecfp4_1224,0.0001548537379744628
ecfp4_1060,0.00014635251236854344
ecfp4_900,0.0001437485904753621
ecfp4_428,0.00013744734030265022
ecfp4_344,0.000134144523444746
ecfp4_696,0.0001211369255727626
ecfp4_1879,0.0001182611247228683
ecfp4_869,0.00011815190892765089
ecfp4_118,0.0001156021483279442
ecfp4_1447,0.00010801541784083314
ecfp4_1145,0.00010573737634545844
ecfp4_92,0.00010518932544926508
ecfp4_1394,9.194152811282987e-05
ecfp4_486,9.07736070628531e-05
ecfp4_724,8.57679910283438e-05
fr_alkyl_halide,7.193999861409492e-05
ecfp4_117,6.127492005058899e-05
ecfp4_8,6.060400666033059e-05
ecfp4_1096,4.3665333782136854e-05
SlogP_VSA12,3.963684834108784e-05
ecfp4_957,3.197327187795687e-05
ecfp4_1016,3.0113543152192854e-05
ecfp4_2021,2.728917119466996e-05
ecfp4_1265,2.415286066832666e-05
ecfp4_296,1.7252003137505464e-05
ecfp4_1158,1.3734432113399718e-05
ecfp4_1136,1.1927904854476001e-05
ecfp4_196,1.12741475666366e-05
ecfp4_1143,5.600515490133558e-06
ecfp4_824,5.383840675758818e-06
ecfp4_45,5.179536714175496e-06
ecfp4_9,4.676557494561944e-06
ecfp4_587,4.343261243388217e-06
ecfp4_1946,3.935695607278595e-06
ecfp4_271,3.919311202119947e-06
ecfp4_350,3.7485146753802294e-06
ecfp4_476,3.722159565773022e-06
ecfp4_1722,3.423225705254561e-06
ecfp4_379,3.062463637437006e-06
ecfp4_440,2.6731078861708223e-06
ecfp4_366,2.355003548130363e-06
ecfp4_1077,1.6563958386096332e-06
ecfp4_1888,1.5491255222726412e-06
ecfp4_1386,1.5372385019428153e-06
ecfp4_1683,1.405241344623043e-06
ecfp4_1005,1.3695335544245913e-06
ecfp4_598,1.3426075426947403e-06
ecfp4_654,1.3238132342829004e-06
ecfp4_184,9.906591987242542e-07
ecfp4_1837,8.971734028959756e-07
ecfp4_226,8.441979006903664e-07
ecfp4_357,8.325639153469609e-07
ecfp4_294,4.350200420575495e-07
fr_allylic_oxid,4.148328250380199e-07
NumSaturatedHeterocycles,3.823205003028215e-07
fr_C_O_noCOO,3.3065222221985246e-07
ecfp4_1359,2.728965542070737e-07
ecfp4_1152,2.0871745262913735e-07
ecfp4_736,1.709909485943715e-07
ecfp4_327,1.3323200213663845e-07
ecfp4_2009,1.2244558375456427e-07
ecfp4_75,1.1968976490138334e-07
ecfp4_501,1.113721006721042e-07
ecfp4_797,7.714219562577186e-08
ecfp4_622,2.8532875272669506e-08
ecfp4_1088,2.6692310958628484e-08
ecfp4_1645,2.5650098964343552e-08
ecfp4_297,1.559131266777311e-08
ecfp4_41,1.1969591984239968e-18
ecfp4_267,6.230548484550033e-19
ecfp4_1534,0.0
ecfp4_1586,0.0
ecfp4_1473,0.0
ecfp4_1587,0.0
ecfp4_1541,0.0
ecfp4_1588,0.0
ecfp4_1472,0.0
ecfp4_1535,0.0
ecfp4_1589,0.0
ecfp4_1470,0.0
ecfp4_1540,0.0
ecfp4_1590,0.0
ecfp4_1592,0.0
ecfp4_1474,0.0
ecfp4_1532,0.0
ecfp4_1580,0.0
ecfp4_1544,0.0
ecfp4_1483,0.0
ecfp4_1582,0.0
ecfp4_1583,0.0
ecfp4_1482,0.0
ecfp4_1543,0.0
ecfp4_1591,0.0
ecfp4_1542,0.0
ecfp4_1584,0.0
ecfp4_1479,0.0
ecfp4_1478,0.0
ecfp4_1585,0.0
ecfp4_1477,0.0
ecfp4_1533,0.0
ecfp4_1475,0.0
ecfp4_1481,0.0
ecfp4_1600,0.0
ecfp4_1601,0.0
ecfp4_1459,0.0
ecfp4_1458,0.0
ecfp4_1537,0.0
ecfp4_1457,0.0
ecfp4_1456,0.0
ecfp4_1455,0.0
ecfp4_1545,0.0
ecfp4_1453,0.0
ecfp4_1602,0.0
ecfp4_1451,0.0
ecfp4_1450,0.0
ecfp4_1449,0.0
ecfp4_1603,0.0
ecfp4_1448,0.0
ecfp4_1604,0.0
ecfp4_1454,0.0
ecfp4_1593,0.0
ecfp4_1594,0.0
ecfp4_1469,0.0
ecfp4_1595,0.0
ecfp4_1467,0.0
ecfp4_1539,0.0
ecfp4_1466,0.0
ecfp4_1538,0.0
ecfp4_1460,0.0
ecfp4_1465,0.0
ecfp4_1597,0.0
ecfp4_1464,0.0
ecfp4_1463,0.0
ecfp4_1462,0.0
ecfp4_1461,0.0
ecfp4_1598,0.0
ecfp4_1599,0.0
ecfp4_1596,0.0
ecfp4_1508,0.0
ecfp4_1519,0.0
ecfp4_1507,0.0
ecfp4_1565,0.0
ecfp4_1506,0.0
ecfp4_1566,0.0
ecfp4_1505,0.0
ecfp4_1520,0.0
ecfp4_1446,0.0
ecfp4_1567,0.0
ecfp4_1568,0.0
ecfp4_1503,0.0
ecfp4_1554,0.0
ecfp4_1502,0.0
ecfp4_1501,0.0
ecfp4_1553,0.0
ecfp4_1569,0.0
ecfp4_1521,0.0
ecfp4_1555,0.0
ecfp4_1556,0.0
ecfp4_1515,0.0
ecfp4_1557,0.0
ecfp4_1516,0.0
ecfp4_1514,0.0
ecfp4_1513,0.0
ecfp4_1512,0.0
ecfp4_1564,0.0
ecfp4_1559,0.0
ecfp4_1511,0.0
ecfp4_1560,0.0
ecfp4_1562,0.0
ecfp4_1563,0.0
ecfp4_1510,0.0
ecfp4_1518,0.0
ecfp4_1509,0.0
ecfp4_1558,0.0
ecfp4_1529,0.0
ecfp4_1549,0.0
ecfp4_1548,0.0
ecfp4_1492,0.0
ecfp4_1530,0.0
ecfp4_1531,0.0
ecfp4_1576,0.0
ecfp4_1490,0.0
ecfp4_1500,0.0
ecfp4_1547,0.0
ecfp4_1488,0.0
ecfp4_1577,0.0
ecfp4_1578,0.0
ecfp4_1486,0.0
ecfp4_1485,0.0
ecfp4_1579,0.0
ecfp4_1484,0.0
ecfp4_1489,0.0
ecfp4_1522,0.0
ecfp4_1570,0.0
ecfp4_1571,0.0
ecfp4_1523,0.0
ecfp4_1499,0.0
ecfp4_1498,0.0
ecfp4_1524,0.0
ecfp4_1572,0.0
ecfp4_1493,0.0
ecfp4_1552,0.0
ecfp4_1551,0.0
ecfp4_1550,0.0
ecfp4_1497,0.0
ecfp4_1574,0.0
ecfp4_1496,0.0
ecfp4_1528,0.0
ecfp4_1575,0.0
ecfp4_1494,0.0
ecfp4_1525,0.0
ecfp4_1294,0.0
ecfp4_1293,0.0
ecfp4_1291,0.0
ecfp4_1290,0.0
ecfp4_1289,0.0
ecfp4_1288,0.0
ecfp4_1287,0.0
ecfp4_1286,0.0
ecfp4_1285,0.0
ecfp4_1284,0.0
ecfp4_1283,0.0
ecfp4_1281,0.0
ecfp4_1335,0.0
ecfp4_1279,0.0
ecfp4_1278,0.0
ecfp4_1277,0.0
ecfp4_1276,0.0
ecfp4_1275,0.0
ecfp4_1273,0.0
ecfp4_1272,0.0
ecfp4_1271,0.0
ecfp4_1269,0.0
ecfp4_1268,0.0
ecfp4_1267,0.0
ecfp4_1266,0.0
ecfp4_1264,0.0
ecfp4_1280,0.0
ecfp4_1324,0.0
ecfp4_1323,0.0
ecfp4_1322,0.0
ecfp4_1320,0.0
ecfp4_1319,0.0
ecfp4_1318,0.0
ecfp4_1317,0.0
ecfp4_1316,0.0
ecfp4_1315,0.0
ecfp4_1314,0.0
ecfp4_1313,0.0
ecfp4_1311,0.0
ecfp4_1295,0.0
ecfp4_1309,0.0
ecfp4_1308,0.0
ecfp4_1307,0.0
ecfp4_1306,0.0
ecfp4_1305,0.0
ecfp4_1303,0.0
ecfp4_1302,0.0
ecfp4_1301,0.0
ecfp4_1300,0.0
ecfp4_1299,0.0
ecfp4_1298,0.0
ecfp4_1297,0.0
ecfp4_1296,0.0
ecfp4_1310,0.0
ecfp4_1231,0.0
ecfp4_1230,0.0
ecfp4_1229,0.0
ecfp4_1228,0.0
ecfp4_1227,0.0
ecfp4_1226,0.0
ecfp4_1225,0.0
ecfp4_1223,0.0
ecfp4_1222,0.0
ecfp4_1221,0.0
ecfp4_1220,0.0
ecfp4_1219,0.0
ecfp4_1263,0.0
ecfp4_1217,0.0
ecfp4_1216,0.0
ecfp4_1215,0.0
ecfp4_1214,0.0
ecfp4_1213,0.0
ecfp4_1212,0.0
ecfp4_1211,0.0
ecfp4_1210,0.0
ecfp4_1209,0.0
ecfp4_1208,0.0
ecfp4_1207,0.0
ecfp4_1205,0.0
ecfp4_1204,0.0
ecfp4_1218,0.0
ecfp4_1262,0.0
ecfp4_1261,0.0
ecfp4_1259,0.0
ecfp4_1258,0.0
ecfp4_1257,0.0
ecfp4_1255,0.0
ecfp4_1254,0.0
ecfp4_1253,0.0
ecfp4_1252,0.0
ecfp4_1251,0.0
ecfp4_1250,0.0
ecfp4_1249,0.0
ecfp4_1232,0.0
ecfp4_1247,0.0
ecfp4_1246,0.0
ecfp4_1245,0.0
ecfp4_1244,0.0
ecfp4_1243,0.0
ecfp4_1242,0.0
ecfp4_1241,0.0
ecfp4_1240,0.0
ecfp4_1239,0.0
ecfp4_1237,0.0
ecfp4_1235,0.0
ecfp4_1234,0.0
ecfp4_1233,0.0
ecfp4_1248,0.0
ecfp4_1415,0.0
ecfp4_1414,0.0
ecfp4_1413,0.0
ecfp4_1412,0.0
ecfp4_1411,0.0
ecfp4_1410,0.0
ecfp4_1409,0.0
ecfp4_1408,0.0
ecfp4_1407,0.0
ecfp4_1406,0.0
ecfp4_1405,0.0
ecfp4_1404,0.0
ecfp4_1325,0.0
ecfp4_1402,0.0
ecfp4_1401,0.0
ecfp4_1400,0.0
ecfp4_1399,0.0
ecfp4_1398,0.0
ecfp4_1397,0.0
ecfp4_1396,0.0
ecfp4_1395,0.0
ecfp4_1393,0.0
ecfp4_1392,0.0
ecfp4_1390,0.0
ecfp4_1389,0.0
ecfp4_1388,0.0
ecfp4_1403,0.0
ecfp4_1445,0.0
ecfp4_1444,0.0
ecfp4_1443,0.0
ecfp4_1442,0.0
ecfp4_1441,0.0
ecfp4_1440,0.0
ecfp4_1439,0.0
ecfp4_1438,0.0
ecfp4_1437,0.0
ecfp4_1436,0.0
ecfp4_1435,0.0
ecfp4_1434,0.0
ecfp4_1417,0.0
ecfp4_1432,0.0
ecfp4_1431,0.0
ecfp4_1429,0.0
ecfp4_1428,0.0
ecfp4_1427,0.0
ecfp4_1426,0.0
ecfp4_1425,0.0
ecfp4_1424,0.0
ecfp4_1422,0.0
ecfp4_1421,0.0
ecfp4_1420,0.0
ecfp4_1419,0.0
ecfp4_1418,0.0
ecfp4_1433,0.0
ecfp4_1352,0.0
ecfp4_1351,0.0
ecfp4_1350,0.0
ecfp4_1348,0.0
ecfp4_1347,0.0
ecfp4_1346,0.0
ecfp4_1345,0.0
ecfp4_1344,0.0
ecfp4_1343,0.0
ecfp4_1342,0.0
ecfp4_1341,0.0
ecfp4_1340,0.0
ecfp4_1387,0.0
ecfp4_1338,0.0
ecfp4_1337,0.0
ecfp4_1336,0.0
ecfp4_1605,0.0
ecfp4_1334,0.0
ecfp4_1333,0.0
ecfp4_1332,0.0
ecfp4_1331,0.0
ecfp4_1330,0.0
ecfp4_1329,0.0
ecfp4_1328,0.0
ecfp4_1327,0.0
ecfp4_1326,0.0
ecfp4_1339,0.0
ecfp4_1385,0.0
ecfp4_1384,0.0
ecfp4_1383,0.0
ecfp4_1382,0.0
ecfp4_1381,0.0
ecfp4_1379,0.0
ecfp4_1378,0.0
ecfp4_1377,0.0
ecfp4_1376,0.0
ecfp4_1375,0.0
ecfp4_1374,0.0
ecfp4_1373,0.0
ecfp4_1372,0.0
ecfp4_1353,0.0
ecfp4_1369,0.0
ecfp4_1368,0.0
ecfp4_1367,0.0
ecfp4_1366,0.0
ecfp4_1364,0.0
ecfp4_1363,0.0
ecfp4_1362,0.0
ecfp4_1361,0.0
ecfp4_1360,0.0
ecfp4_1358,0.0
ecfp4_1356,0.0
ecfp4_1355,0.0
ecfp4_1354,0.0
ecfp4_1371,0.0
ecfp4_1948,0.0
ecfp4_1947,0.0
ecfp4_1944,0.0
ecfp4_1943,0.0
ecfp4_1942,0.0
ecfp4_1941,0.0
ecfp4_1940,0.0
ecfp4_1939,0.0
ecfp4_1938,0.0
ecfp4_1937,0.0
ecfp4_1936,0.0
ecfp4_1935,0.0
ecfp4_1934,0.0
ecfp4_1733,0.0
ecfp4_1932,0.0
ecfp4_1931,0.0
ecfp4_1930,0.0
ecfp4_1929,0.0
ecfp4_1928,0.0
ecfp4_1927,0.0
ecfp4_1926,0.0
ecfp4_1925,0.0
ecfp4_1924,0.0
ecfp4_1923,0.0
ecfp4_1921,0.0
ecfp4_1919,0.0
ecfp4_1918,0.0
ecfp4_1933,0.0
ecfp4_1979,0.0
ecfp4_1978,0.0
ecfp4_1977,0.0
ecfp4_1976,0.0
ecfp4_1975,0.0
ecfp4_1974,0.0
ecfp4_1973,0.0
ecfp4_1972,0.0
ecfp4_1971,0.0
ecfp4_1969,0.0
ecfp4_1967,0.0
ecfp4_1966,0.0
ecfp4_1965,0.0
ecfp4_1949,0.0
ecfp4_1963,0.0
ecfp4_1962,0.0
ecfp4_1961,0.0
ecfp4_1960,0.0
ecfp4_1959,0.0
ecfp4_1958,0.0
ecfp4_1957,0.0
ecfp4_1956,0.0
ecfp4_1955,0.0
ecfp4_1954,0.0
ecfp4_1952,0.0
ecfp4_1951,0.0
ecfp4_1950,0.0
ecfp4_1964,0.0
ecfp4_1883,0.0
ecfp4_1882,0.0
ecfp4_1881,0.0
ecfp4_1880,0.0
ecfp4_1878,0.0
ecfp4_1877,0.0
ecfp4_1876,0.0
ecfp4_1875,0.0
ecfp4_1874,0.0
ecfp4_1873,0.0
ecfp4_1871,0.0
ecfp4_1870,0.0
ecfp4_1869,0.0
ecfp4_1916,0.0
ecfp4_1867,0.0
ecfp4_1866,0.0
ecfp4_1865,0.0
ecfp4_1864,0.0
ecfp4_1863,0.0
ecfp4_1862,0.0
ecfp4_1860,0.0
ecfp4_1859,0.0
ecfp4_1858,0.0
ecfp4_1857,0.0
ecfp4_1856,0.0
ecfp4_1854,0.0
ecfp4_1852,0.0
ecfp4_1868,0.0
ecfp4_1915,0.0
ecfp4_1914,0.0
ecfp4_1912,0.0
ecfp4_1911,0.0
ecfp4_1910,0.0
ecfp4_1909,0.0
ecfp4_1908,0.0
ecfp4_1907,0.0
ecfp4_1906,0.0
ecfp4_1905,0.0
ecfp4_1904,0.0
ecfp4_1903,0.0
ecfp4_1902,0.0
ecfp4_1884,0.0
ecfp4_1900,0.0
ecfp4_1899,0.0
ecfp4_1898,0.0
ecfp4_1897,0.0
ecfp4_1896,0.0
ecfp4_1894,0.0
ecfp4_1893,0.0
ecfp4_1892,0.0
ecfp4_1891,0.0
ecfp4_1890,0.0
ecfp4_1889,0.0
ecfp4_1887,0.0
ecfp4_1886,0.0
ecfp4_1885,0.0
ecfp4_1901,0.0
fr_azo,0.0
fr_amidine,0.0
fr_alkyl_carbamate,0.0
fr_aldehyde,0.0
fr_SH,0.0
fr_Nhpyrrole,0.0
fr_Ndealkylation1,0.0
fr_N_O,0.0
fr_NH2,0.0
fr_Imine,0.0
fr_HOCCN,0.0
fr_C_S,0.0
fr_COO2,0.0
ecfp4_1980,0.0
fr_Ar_OH,0.0
fr_Ar_NH,0.0
fr_Ar_COO,0.0
fr_ArN,0.0
fr_Al_OH_noTert,0.0
fr_Al_COO,0.0
NumSpiroAtoms,0.0
EState_VSA11,0.0
PEOE_VSA5,0.0
ecfp4_2047,0.0
ecfp4_2046,0.0
ecfp4_2045,0.0
ecfp4_2044,0.0
fr_COO,0.0
ecfp4_22,0.0
ecfp4_21,0.0
ecfp4_20,0.0
ecfp4_19,0.0
ecfp4_18,0.0
ecfp4_17,0.0
ecfp4_16,0.0
ecfp4_15,0.0
ecfp4_14,0.0
ecfp4_13,0.0
ecfp4_12,0.0
ecfp4_11,0.0
ecfp4_10,0.0
fr_furan,0.0
ecfp4_3,0.0
fr_unbrch_alkane,0.0
fr_thiophene,0.0
fr_thiazole,0.0
fr_tetrazole,0.0
fr_term_acetylene,0.0
fr_sulfone,0.0
fr_sulfide,0.0
fr_prisulfonamd,0.0
fr_priamide,0.0
fr_piperzine,0.0
fr_phenol_noOrthoHbond,0.0
ecfp4_0,0.0
fr_guanido,0.0
ecfp4_2,0.0
ecfp4_2012,0.0
ecfp4_2011,0.0
ecfp4_2010,0.0
ecfp4_2008,0.0
ecfp4_2007,0.0
ecfp4_2006,0.0
ecfp4_2005,0.0
ecfp4_2004,0.0
ecfp4_2003,0.0
ecfp4_2002,0.0
ecfp4_2001,0.0
ecfp4_2000,0.0
ecfp4_1999,0.0
ecfp4_2043,0.0
ecfp4_1997,0.0
ecfp4_1996,0.0
ecfp4_1995,0.0
ecfp4_1994,0.0
ecfp4_1992,0.0
ecfp4_1990,0.0
ecfp4_1989,0.0
ecfp4_1987,0.0
ecfp4_1986,0.0
ecfp4_1985,0.0
ecfp4_1983,0.0
ecfp4_1982,0.0
ecfp4_1981,0.0
ecfp4_1998,0.0
ecfp4_2042,0.0
ecfp4_2041,0.0
ecfp4_2040,0.0
ecfp4_2039,0.0
ecfp4_2038,0.0
ecfp4_2037,0.0
ecfp4_2036,0.0
ecfp4_2035,0.0
ecfp4_2034,0.0
ecfp4_2033,0.0
ecfp4_2032,0.0
ecfp4_2031,0.0
ecfp4_2030,0.0
ecfp4_2013,0.0
ecfp4_2028,0.0
ecfp4_2027,0.0
ecfp4_2026,0.0
ecfp4_2025,0.0
ecfp4_2024,0.0
ecfp4_2023,0.0
ecfp4_2022,0.0
ecfp4_2020,0.0
ecfp4_2019,0.0
ecfp4_2018,0.0
ecfp4_2017,0.0
ecfp4_2016,0.0
ecfp4_2015,0.0
ecfp4_2014,0.0
ecfp4_2029,0.0
ecfp4_1696,0.0
ecfp4_1695,0.0
ecfp4_1694,0.0
ecfp4_1693,0.0
ecfp4_1692,0.0
ecfp4_1690,0.0
ecfp4_1689,0.0
ecfp4_1688,0.0
ecfp4_1686,0.0
ecfp4_1685,0.0
ecfp4_1684,0.0
ecfp4_1682,0.0
ecfp4_1681,0.0
ecfp4_1851,0.0
ecfp4_1679,0.0
ecfp4_1678,0.0
ecfp4_1677,0.0
ecfp4_1676,0.0
ecfp4_1675,0.0
ecfp4_1674,0.0
ecfp4_1673,0.0
ecfp4_1672,0.0
ecfp4_1671,0.0
ecfp4_1670,0.0
ecfp4_1669,0.0
ecfp4_1668,0.0
ecfp4_1667,0.0
ecfp4_1680,0.0
ecfp4_1727,0.0
ecfp4_1726,0.0
ecfp4_1725,0.0
ecfp4_1724,0.0
ecfp4_1723,0.0
ecfp4_1721,0.0
ecfp4_1720,0.0
ecfp4_1719,0.0
ecfp4_1717,0.0
ecfp4_1716,0.0
ecfp4_1715,0.0
ecfp4_1714,0.0
ecfp4_1713,0.0
ecfp4_1697,0.0
ecfp4_1711,0.0
ecfp4_1710,0.0
ecfp4_1709,0.0
ecfp4_1708,0.0
ecfp4_1707,0.0
ecfp4_1706,0.0
ecfp4_1705,0.0
ecfp4_1704,0.0
ecfp4_1703,0.0
ecfp4_1702,0.0
ecfp4_1701,0.0
ecfp4_1700,0.0
ecfp4_1699,0.0
ecfp4_1698,0.0
ecfp4_1712,0.0
ecfp4_1633,0.0
ecfp4_1632,0.0
ecfp4_1631,0.0
ecfp4_1630,0.0
ecfp4_1629,0.0
ecfp4_1628,0.0
ecfp4_1627,0.0
ecfp4_1626,0.0
ecfp4_1625,0.0
ecfp4_1623,0.0
ecfp4_1622,0.0
ecfp4_1621,0.0
ecfp4_1620,0.0
ecfp4_1666,0.0
ecfp4_1618,0.0
ecfp4_1617,0.0
ecfp4_1616,0.0
ecfp4_1615,0.0
ecfp4_1614,0.0
ecfp4_1613,0.0
ecfp4_1612,0.0
ecfp4_1611,0.0
ecfp4_1610,0.0
ecfp4_1609,0.0
ecfp4_1608,0.0
ecfp4_1607,0.0
ecfp4_1606,0.0
ecfp4_1619,0.0
ecfp4_1665,0.0
ecfp4_1664,0.0
ecfp4_1663,0.0
ecfp4_1662,0.0
ecfp4_1661,0.0
ecfp4_1660,0.0
ecfp4_1659,0.0
ecfp4_1658,0.0
ecfp4_1657,0.0
ecfp4_1656,0.0
ecfp4_1655,0.0
ecfp4_1654,0.0
ecfp4_1652,0.0
ecfp4_1634,0.0
ecfp4_1650,0.0
ecfp4_1649,0.0
ecfp4_1647,0.0
ecfp4_1646,0.0
ecfp4_1644,0.0
ecfp4_1643,0.0
ecfp4_1642,0.0
ecfp4_1641,0.0
ecfp4_1640,0.0
ecfp4_1639,0.0
ecfp4_1638,0.0
ecfp4_1637,0.0
ecfp4_1636,0.0
ecfp4_1635,0.0
ecfp4_1651,0.0
ecfp4_1819,0.0
ecfp4_1818,0.0
ecfp4_1817,0.0
ecfp4_1815,0.0
ecfp4_1814,0.0
ecfp4_1813,0.0
ecfp4_1811,0.0
ecfp4_1810,0.0
ecfp4_1809,0.0
ecfp4_1808,0.0
ecfp4_1807,0.0
ecfp4_1806,0.0
ecfp4_1805,0.0
ecfp4_1728,0.0
ecfp4_1803,0.0
ecfp4_1802,0.0
ecfp4_1801,0.0
ecfp4_1800,0.0
ecfp4_1799,0.0
ecfp4_1798,0.0
ecfp4_1797,0.0
ecfp4_1796,0.0
ecfp4_1795,0.0
ecfp4_1794,0.0
ecfp4_1793,0.0
ecfp4_1792,0.0
ecfp4_1791,0.0
ecfp4_1804,0.0
ecfp4_1850,0.0
ecfp4_1849,0.0
ecfp4_1848,0.0
ecfp4_1847,0.0
ecfp4_1846,0.0
ecfp4_1845,0.0
ecfp4_1844,0.0
ecfp4_1843,0.0
ecfp4_1842,0.0
ecfp4_1841,0.0
ecfp4_1840,0.0
ecfp4_1839,0.0
ecfp4_1838,0.0
ecfp4_1820,0.0
ecfp4_1835,0.0
ecfp4_1834,0.0
ecfp4_1833,0.0
ecfp4_1832,0.0
ecfp4_1831,0.0
ecfp4_1830,0.0
ecfp4_1829,0.0
ecfp4_1828,0.0
ecfp4_1827,0.0
ecfp4_1826,0.0
ecfp4_1825,0.0
ecfp4_1824,0.0
ecfp4_1822,0.0
ecfp4_1821,0.0
ecfp4_1836,0.0
ecfp4_1758,0.0
ecfp4_1757,0.0
ecfp4_1756,0.0
ecfp4_1755,0.0
ecfp4_1753,0.0
ecfp4_1752,0.0
ecfp4_1751,0.0
ecfp4_1749,0.0
ecfp4_1748,0.0
ecfp4_1747,0.0
ecfp4_1746,0.0
ecfp4_1745,0.0
ecfp4_1744,0.0
ecfp4_1790,0.0
ecfp4_1742,0.0
ecfp4_1741,0.0
ecfp4_1740,0.0
ecfp4_1739,0.0
ecfp4_1737,0.0
ecfp4_1736,0.0
ecfp4_1735,0.0
ecfp4_1734,0.0
ecfp4_1203,0.0
ecfp4_1732,0.0
ecfp4_1731,0.0
ecfp4_1730,0.0
ecfp4_1729,0.0
ecfp4_1743,0.0
ecfp4_1789,0.0
ecfp4_1788,0.0
ecfp4_1787,0.0
ecfp4_1786,0.0
ecfp4_1785,0.0
ecfp4_1784,0.0
ecfp4_1783,0.0
ecfp4_1782,0.0
ecfp4_1781,0.0
ecfp4_1780,0.0
ecfp4_1779,0.0
ecfp4_1778,0.0
ecfp4_1777,0.0
ecfp4_1759,0.0
ecfp4_1775,0.0
ecfp4_1774,0.0
ecfp4_1773,0.0
ecfp4_1772,0.0
ecfp4_1771,0.0
ecfp4_1770,0.0
ecfp4_1769,0.0
ecfp4_1768,0.0
ecfp4_1766,0.0
ecfp4_1764,0.0
ecfp4_1763,0.0
ecfp4_1762,0.0
ecfp4_1761,0.0
ecfp4_1760,0.0
ecfp4_1776,0.0
ecfp4_424,0.0
ecfp4_421,0.0
ecfp4_420,0.0
ecfp4_419,0.0
ecfp4_418,0.0
ecfp4_417,0.0
ecfp4_416,0.0
ecfp4_415,0.0
ecfp4_414,0.0
ecfp4_413,0.0
ecfp4_412,0.0
ecfp4_411,0.0
ecfp4_410,0.0
ecfp4_408,0.0
ecfp4_407,0.0
ecfp4_1123,0.0
ecfp4_405,0.0
ecfp4_404,0.0
ecfp4_403,0.0
ecfp4_402,0.0
ecfp4_401,0.0
ecfp4_400,0.0
ecfp4_399,0.0
ecfp4_398,0.0
ecfp4_397,0.0
ecfp4_396,0.0
ecfp4_395,0.0
ecfp4_394,0.0
ecfp4_392,0.0
ecfp4_391,0.0
ecfp4_390,0.0
ecfp4_406,0.0
ecfp4_461,0.0
ecfp4_460,0.0
ecfp4_459,0.0
ecfp4_457,0.0
ecfp4_456,0.0
ecfp4_455,0.0
ecfp4_454,0.0
ecfp4_453,0.0
ecfp4_452,0.0
ecfp4_451,0.0
ecfp4_450,0.0
ecfp4_449,0.0
ecfp4_448,0.0
ecfp4_447,0.0
ecfp4_445,0.0
ecfp4_425,0.0
ecfp4_426,0.0
ecfp4_427,0.0
ecfp4_429,0.0
ecfp4_430,0.0
ecfp4_431,0.0
ecfp4_432,0.0
ecfp4_433,0.0
ecfp4_444,0.0
ecfp4_435,0.0
ecfp4_436,0.0
ecfp4_437,0.0
ecfp4_438,0.0
ecfp4_439,0.0
ecfp4_441,0.0
ecfp4_442,0.0
ecfp4_443,0.0
ecfp4_434,0.0
ecfp4_346,0.0
ecfp4_345,0.0
ecfp4_343,0.0
ecfp4_342,0.0
ecfp4_341,0.0
ecfp4_340,0.0
ecfp4_338,0.0
ecfp4_337,0.0
ecfp4_336,0.0
ecfp4_333,0.0
ecfp4_332,0.0
ecfp4_331,0.0
ecfp4_330,0.0
ecfp4_329,0.0
ecfp4_328,0.0
ecfp4_388,0.0
ecfp4_324,0.0
ecfp4_323,0.0
ecfp4_322,0.0
ecfp4_321,0.0
ecfp4_320,0.0
ecfp4_319,0.0
ecfp4_318,0.0
ecfp4_317,0.0
ecfp4_316,0.0
ecfp4_315,0.0
ecfp4_313,0.0
ecfp4_312,0.0
ecfp4_311,0.0
ecfp4_309,0.0
ecfp4_308,0.0
ecfp4_326,0.0
ecfp4_387,0.0
ecfp4_386,0.0
ecfp4_385,0.0
ecfp4_384,0.0
ecfp4_383,0.0
ecfp4_382,0.0
ecfp4_381,0.0
ecfp4_377,0.0
ecfp4_376,0.0
ecfp4_375,0.0
ecfp4_374,0.0
ecfp4_373,0.0
ecfp4_372,0.0
ecfp4_371,0.0
ecfp4_369,0.0
ecfp4_347,0.0
ecfp4_348,0.0
ecfp4_349,0.0
ecfp4_352,0.0
ecfp4_353,0.0
ecfp4_354,0.0
ecfp4_355,0.0
ecfp4_356,0.0
ecfp4_368,0.0
ecfp4_359,0.0
ecfp4_360,0.0
ecfp4_361,0.0
ecfp4_362,0.0
ecfp4_363,0.0
ecfp4_364,0.0
ecfp4_365,0.0
ecfp4_367,0.0
ecfp4_358,0.0
ecfp4_573,0.0
ecfp4_572,0.0
ecfp4_571,0.0
ecfp4_570,0.0
ecfp4_569,0.0
ecfp4_568,0.0
ecfp4_567,0.0
ecfp4_565,0.0
ecfp4_564,0.0
ecfp4_563,0.0
ecfp4_561,0.0
ecfp4_560,0.0
ecfp4_559,0.0
ecfp4_557,0.0
ecfp4_556,0.0
ecfp4_462,0.0
ecfp4_554,0.0
ecfp4_553,0.0
ecfp4_552,0.0
ecfp4_551,0.0
ecfp4_550,0.0
ecfp4_549,0.0
ecfp4_548,0.0
ecfp4_546,0.0
ecfp4_545,0.0
ecfp4_544,0.0
ecfp4_542,0.0
ecfp4_541,0.0
ecfp4_540,0.0
ecfp4_539,0.0
ecfp4_538,0.0
ecfp4_555,0.0
ecfp4_608,0.0
ecfp4_607,0.0
ecfp4_606,0.0
ecfp4_605,0.0
ecfp4_604,0.0
ecfp4_603,0.0
ecfp4_602,0.0
ecfp4_601,0.0
ecfp4_600,0.0
ecfp4_599,0.0
ecfp4_597,0.0
ecfp4_596,0.0
ecfp4_595,0.0
ecfp4_594,0.0
ecfp4_593,0.0
ecfp4_574,0.0
ecfp4_575,0.0
ecfp4_576,0.0
ecfp4_577,0.0
ecfp4_578,0.0
ecfp4_579,0.0
ecfp4_580,0.0
ecfp4_581,0.0
ecfp4_592,0.0
ecfp4_583,0.0
ecfp4_584,0.0
ecfp4_585,0.0
ecfp4_586,0.0
ecfp4_588,0.0
ecfp4_589,0.0
ecfp4_590,0.0
ecfp4_591,0.0
ecfp4_582,0.0
ecfp4_499,0.0
ecfp4_498,0.0
ecfp4_497,0.0
ecfp4_496,0.0
ecfp4_495,0.0
ecfp4_494,0.0
ecfp4_493,0.0
ecfp4_491,0.0
ecfp4_489,0.0
ecfp4_488,0.0
ecfp4_487,0.0
ecfp4_485,0.0
ecfp4_484,0.0
ecfp4_483,0.0
ecfp4_482,0.0
ecfp4_537,0.0
ecfp4_464,0.0
ecfp4_465,0.0
ecfp4_466,0.0
ecfp4_467,0.0
ecfp4_468,0.0
ecfp4_469,0.0
ecfp4_470,0.0
ecfp4_481,0.0
ecfp4_472,0.0
ecfp4_473,0.0
ecfp4_474,0.0
ecfp4_475,0.0
ecfp4_477,0.0
ecfp4_478,0.0
ecfp4_479,0.0
ecfp4_480,0.0
ecfp4_471,0.0
ecfp4_536,0.0
ecfp4_535,0.0
ecfp4_534,0.0
ecfp4_533,0.0
ecfp4_532,0.0
ecfp4_531,0.0
ecfp4_530,0.0
ecfp4_529,0.0
ecfp4_527,0.0
ecfp4_525,0.0
ecfp4_524,0.0
ecfp4_523,0.0
ecfp4_522,0.0
ecfp4_521,0.0
ecfp4_520,0.0
ecfp4_500,0.0
ecfp4_503,0.0
ecfp4_504,0.0
ecfp4_505,0.0
ecfp4_506,0.0
ecfp4_507,0.0
ecfp4_508,0.0
ecfp4_509,0.0
ecfp4_519,0.0
ecfp4_511,0.0
ecfp4_512,0.0
ecfp4_513,0.0
ecfp4_514,0.0
ecfp4_515,0.0
ecfp4_516,0.0
ecfp4_517,0.0
ecfp4_518,0.0
ecfp4_510,0.0
ecfp4_110,0.0
ecfp4_109,0.0
ecfp4_108,0.0
ecfp4_107,0.0
ecfp4_106,0.0
ecfp4_105,0.0
ecfp4_104,0.0
ecfp4_103,0.0
ecfp4_102,0.0
ecfp4_101,0.0
ecfp4_100,0.0
ecfp4_99,0.0
ecfp4_98,0.0
ecfp4_97,0.0
ecfp4_96,0.0
ecfp4_307,0.0
ecfp4_93,0.0
ecfp4_91,0.0
ecfp4_90,0.0
ecfp4_89,0.0
ecfp4_88,0.0
ecfp4_87,0.0
ecfp4_86,0.0
ecfp4_85,0.0
ecfp4_84,0.0
ecfp4_83,0.0
ecfp4_82,0.0
ecfp4_81,0.0
ecfp4_78,0.0
ecfp4_77,0.0
ecfp4_76,0.0
ecfp4_95,0.0
ecfp4_148,0.0
ecfp4_147,0.0
ecfp4_146,0.0
ecfp4_145,0.0
ecfp4_144,0.0
ecfp4_143,0.0
ecfp4_142,0.0
ecfp4_141,0.0
ecfp4_140,0.0
ecfp4_139,0.0
ecfp4_138,0.0
ecfp4_136,0.0
ecfp4_135,0.0
ecfp4_134,0.0
ecfp4_133,0.0
ecfp4_111,0.0
ecfp4_112,0.0
ecfp4_113,0.0
ecfp4_114,0.0
ecfp4_115,0.0
ecfp4_116,0.0
ecfp4_120,0.0
ecfp4_121,0.0
ecfp4_132,0.0
ecfp4_123,0.0
ecfp4_124,0.0
ecfp4_125,0.0
ecfp4_127,0.0
ecfp4_128,0.0
ecfp4_129,0.0
ecfp4_130,0.0
ecfp4_131,0.0
ecfp4_122,0.0
ecfp4_36,0.0
ecfp4_35,0.0
ecfp4_34,0.0
ecfp4_33,0.0
ecfp4_32,0.0
ecfp4_31,0.0
ecfp4_30,0.0
ecfp4_29,0.0
ecfp4_28,0.0
ecfp4_27,0.0
ecfp4_26,0.0
ecfp4_24,0.0
fr_oxime,0.0
fr_oxazole,0.0
fr_nitro_arom_nonortho,0.0
ecfp4_74,0.0
fr_nitro,0.0
fr_nitrile,0.0
fr_morpholine,0.0
fr_methoxy,0.0
fr_lactone,0.0
fr_ketone_Topliss,0.0
fr_ketone,0.0
fr_imide,0.0
fr_hdrzone,0.0
ecfp4_4,0.0
fr_phenol,0.0
ecfp4_23,0.0
fr_hdrzine,0.0
ecfp4_7,0.0
ecfp4_6,0.0
fr_nitro_arom,0.0
ecfp4_73,0.0
ecfp4_72,0.0
ecfp4_71,0.0
ecfp4_70,0.0
ecfp4_69,0.0
ecfp4_67,0.0
ecfp4_66,0.0
ecfp4_65,0.0
ecfp4_64,0.0
ecfp4_63,0.0
ecfp4_62,0.0
ecfp4_61,0.0
ecfp4_60,0.0
ecfp4_59,0.0
ecfp4_58,0.0
ecfp4_37,0.0
ecfp4_38,0.0
ecfp4_39,0.0
ecfp4_40,0.0
ecfp4_42,0.0
ecfp4_44,0.0
ecfp4_46,0.0
ecfp4_47,0.0
ecfp4_57,0.0
ecfp4_49,0.0
ecfp4_50,0.0
ecfp4_51,0.0
ecfp4_52,0.0
ecfp4_53,0.0
ecfp4_54,0.0
ecfp4_55,0.0
ecfp4_56,0.0
ecfp4_48,0.0
ecfp4_261,0.0
ecfp4_260,0.0
ecfp4_259,0.0
ecfp4_258,0.0
ecfp4_257,0.0
ecfp4_256,0.0
ecfp4_255,0.0
ecfp4_254,0.0
ecfp4_252,0.0
ecfp4_251,0.0
ecfp4_248,0.0
ecfp4_246,0.0
ecfp4_245,0.0
ecfp4_244,0.0
ecfp4_243,0.0
ecfp4_149,0.0
ecfp4_240,0.0
ecfp4_239,0.0
ecfp4_238,0.0
ecfp4_237,0.0
ecfp4_236,0.0
ecfp4_234,0.0
ecfp4_233,0.0
ecfp4_230,0.0
ecfp4_229,0.0
ecfp4_228,0.0
ecfp4_225,0.0
ecfp4_224,0.0
ecfp4_223,0.0
ecfp4_222,0.0
ecfp4_221,0.0
ecfp4_241,0.0
ecfp4_306,0.0
ecfp4_304,0.0
ecfp4_303,0.0
ecfp4_302,0.0
ecfp4_301,0.0
ecfp4_300,0.0
ecfp4_299,0.0
ecfp4_295,0.0
ecfp4_293,0.0
ecfp4_292,0.0
ecfp4_291,0.0
ecfp4_290,0.0
ecfp4_289,0.0
ecfp4_288,0.0
ecfp4_287,0.0
ecfp4_262,0.0
ecfp4_263,0.0
ecfp4_266,0.0
ecfp4_269,0.0
ecfp4_270,0.0
ecfp4_272,0.0
ecfp4_273,0.0
ecfp4_274,0.0
ecfp4_285,0.0
ecfp4_276,0.0
ecfp4_277,0.0
ecfp4_278,0.0
ecfp4_279,0.0
ecfp4_280,0.0
ecfp4_281,0.0
ecfp4_282,0.0
ecfp4_284,0.0
ecfp4_275,0.0
ecfp4_182,0.0
ecfp4_181,0.0
ecfp4_180,0.0
ecfp4_179,0.0
ecfp4_178,0.0
ecfp4_177,0.0
ecfp4_176,0.0
ecfp4_175,0.0
ecfp4_174,0.0
ecfp4_173,0.0
ecfp4_172,0.0
ecfp4_171,0.0
ecfp4_170,0.0
ecfp4_169,0.0
ecfp4_168,0.0
ecfp4_220,0.0
ecfp4_150,0.0
ecfp4_151,0.0
ecfp4_152,0.0
ecfp4_153,0.0
ecfp4_154,0.0
ecfp4_155,0.0
ecfp4_156,0.0
ecfp4_167,0.0
ecfp4_158,0.0
ecfp4_160,0.0
ecfp4_161,0.0
ecfp4_162,0.0
ecfp4_163,0.0
ecfp4_164,0.0
ecfp4_165,0.0
ecfp4_166,0.0
ecfp4_157,0.0
ecfp4_219,0.0
ecfp4_218,0.0
ecfp4_217,0.0
ecfp4_216,0.0
ecfp4_215,0.0
ecfp4_214,0.0
ecfp4_213,0.0
ecfp4_212,0.0
ecfp4_211,0.0
ecfp4_210,0.0
ecfp4_209,0.0
ecfp4_208,0.0
ecfp4_207,0.0
ecfp4_206,0.0
ecfp4_205,0.0
ecfp4_183,0.0
ecfp4_185,0.0
ecfp4_186,0.0
ecfp4_187,0.0
ecfp4_188,0.0
ecfp4_189,0.0
ecfp4_190,0.0
ecfp4_191,0.0
ecfp4_204,0.0
ecfp4_194,0.0
ecfp4_195,0.0
ecfp4_198,0.0
ecfp4_199,0.0
ecfp4_200,0.0
ecfp4_201,0.0
ecfp4_202,0.0
ecfp4_203,0.0
ecfp4_192,0.0
ecfp4_1010,0.0
ecfp4_1008,0.0
ecfp4_1007,0.0
ecfp4_1006,0.0
ecfp4_1004,0.0
ecfp4_1003,0.0
ecfp4_1002,0.0
ecfp4_1001,0.0
ecfp4_1000,0.0
ecfp4_999,0.0
ecfp4_998,0.0
ecfp4_997,0.0
ecfp4_996,0.0
ecfp4_995,0.0
ecfp4_994,0.0
ecfp4_609,0.0
ecfp4_992,0.0
ecfp4_991,0.0
ecfp4_990,0.0
ecfp4_989,0.0
ecfp4_988,0.0
ecfp4_987,0.0
ecfp4_986,0.0
ecfp4_985,0.0
ecfp4_984,0.0
ecfp4_983,0.0
ecfp4_982,0.0
ecfp4_981,0.0
ecfp4_979,0.0
ecfp4_978,0.0
ecfp4_977,0.0
ecfp4_993,0.0
ecfp4_1047,0.0
ecfp4_1046,0.0
ecfp4_1045,0.0
ecfp4_1044,0.0
ecfp4_1043,0.0
ecfp4_1042,0.0
ecfp4_1041,0.0
ecfp4_1040,0.0
ecfp4_1038,0.0
ecfp4_1037,0.0
ecfp4_1036,0.0
ecfp4_1035,0.0
ecfp4_1034,0.0
ecfp4_1033,0.0
ecfp4_1032,0.0
ecfp4_1011,0.0
ecfp4_1012,0.0
ecfp4_1013,0.0
ecfp4_1014,0.0
ecfp4_1015,0.0
ecfp4_1017,0.0
ecfp4_1018,0.0
ecfp4_1020,0.0
ecfp4_1031,0.0
ecfp4_1022,0.0
ecfp4_1023,0.0
ecfp4_1024,0.0
ecfp4_1025,0.0
ecfp4_1026,0.0
ecfp4_1027,0.0
ecfp4_1029,0.0
ecfp4_1030,0.0
ecfp4_1021,0.0
ecfp4_938,0.0
ecfp4_937,0.0
ecfp4_936,0.0
ecfp4_935,0.0
ecfp4_934,0.0
ecfp4_933,0.0
ecfp4_932,0.0
ecfp4_931,0.0
ecfp4_930,0.0
ecfp4_929,0.0
ecfp4_928,0.0
ecfp4_927,0.0
ecfp4_926,0.0
ecfp4_925,0.0
ecfp4_924,0.0
ecfp4_976,0.0
ecfp4_922,0.0
ecfp4_921,0.0
ecfp4_920,0.0
ecfp4_919,0.0
ecfp4_918,0.0
ecfp4_917,0.0
ecfp4_916,0.0
ecfp4_915,0.0
ecfp4_914,0.0
ecfp4_913,0.0
ecfp4_912,0.0
ecfp4_911,0.0
ecfp4_910,0.0
ecfp4_909,0.0
ecfp4_908,0.0
ecfp4_923,0.0
ecfp4_975,0.0
ecfp4_973,0.0
ecfp4_972,0.0
ecfp4_970,0.0
ecfp4_969,0.0
ecfp4_968,0.0
ecfp4_967,0.0
ecfp4_966,0.0
ecfp4_965,0.0
ecfp4_964,0.0
ecfp4_963,0.0
ecfp4_962,0.0
ecfp4_961,0.0
ecfp4_960,0.0
ecfp4_959,0.0
ecfp4_939,0.0
ecfp4_940,0.0
ecfp4_941,0.0
ecfp4_942,0.0
ecfp4_943,0.0
ecfp4_944,0.0
ecfp4_945,0.0
ecfp4_946,0.0
ecfp4_958,0.0
ecfp4_948,0.0
ecfp4_949,0.0
ecfp4_951,0.0
ecfp4_952,0.0
ecfp4_953,0.0
ecfp4_954,0.0
ecfp4_955,0.0
ecfp4_956,0.0
ecfp4_947,0.0
ecfp4_1166,0.0
ecfp4_1165,0.0
ecfp4_1164,0.0
ecfp4_1161,0.0
ecfp4_1159,0.0
ecfp4_1157,0.0
ecfp4_1156,0.0
ecfp4_1155,0.0
ecfp4_1154,0.0
ecfp4_1153,0.0
ecfp4_1151,0.0
ecfp4_1150,0.0
ecfp4_1149,0.0
ecfp4_1148,0.0
ecfp4_1147,0.0
ecfp4_1048,0.0
ecfp4_1144,0.0
ecfp4_1142,0.0
ecfp4_1141,0.0
ecfp4_1139,0.0
ecfp4_1138,0.0
ecfp4_1137,0.0
ecfp4_1135,0.0
ecfp4_1134,0.0
ecfp4_1133,0.0
ecfp4_1132,0.0
ecfp4_1131,0.0
ecfp4_1130,0.0
ecfp4_1129,0.0
ecfp4_1128,0.0
ecfp4_1127,0.0
ecfp4_1146,0.0
ecfp4_1202,0.0
ecfp4_1201,0.0
ecfp4_1200,0.0
ecfp4_1199,0.0
ecfp4_1198,0.0
ecfp4_1197,0.0
ecfp4_1196,0.0
ecfp4_1195,0.0
ecfp4_1194,0.0
ecfp4_1193,0.0
ecfp4_1191,0.0
ecfp4_1190,0.0
ecfp4_1189,0.0
ecfp4_1188,0.0
ecfp4_1187,0.0
ecfp4_1168,0.0
ecfp4_1169,0.0
ecfp4_1170,0.0
ecfp4_1171,0.0
ecfp4_1172,0.0
ecfp4_1173,0.0
ecfp4_1174,0.0
ecfp4_1175,0.0
ecfp4_1186,0.0
ecfp4_1177,0.0
ecfp4_1178,0.0
ecfp4_1179,0.0
ecfp4_1180,0.0
ecfp4_1181,0.0
ecfp4_1183,0.0
ecfp4_1184,0.0
ecfp4_1185,0.0
ecfp4_1176,0.0
ecfp4_1090,0.0
ecfp4_1089,0.0
ecfp4_1087,0.0
ecfp4_1086,0.0
ecfp4_1085,0.0
ecfp4_1084,0.0
ecfp4_1083,0.0
ecfp4_1082,0.0
ecfp4_1081,0.0
ecfp4_1080,0.0
ecfp4_1078,0.0
ecfp4_1076,0.0
ecfp4_1074,0.0
ecfp4_1073,0.0
ecfp4_1072,0.0
ecfp4_1126,0.0
ecfp4_1049,0.0
ecfp4_1050,0.0
ecfp4_1051,0.0
ecfp4_1052,0.0
ecfp4_1053,0.0
ecfp4_1054,0.0
ecfp4_1056,0.0
ecfp4_1071,0.0
ecfp4_1058,0.0
ecfp4_1059,0.0
ecfp4_1061,0.0
ecfp4_1062,0.0
ecfp4_1064,0.0
ecfp4_1068,0.0
ecfp4_1069,0.0
ecfp4_1070,0.0
ecfp4_1057,0.0
ecfp4_1125,0.0
ecfp4_1124,0.0
ecfp4_5,0.0
ecfp4_1122,0.0
ecfp4_1121,0.0
ecfp4_1120,0.0
ecfp4_1119,0.0
ecfp4_1118,0.0
ecfp4_1117,0.0
ecfp4_1116,0.0
ecfp4_1115,0.0
ecfp4_1114,0.0
ecfp4_1113,0.0
ecfp4_1112,0.0
ecfp4_1111,0.0
ecfp4_1091,0.0
ecfp4_1092,0.0
ecfp4_1093,0.0
ecfp4_1094,0.0
ecfp4_1095,0.0
ecfp4_1098,0.0
ecfp4_1099,0.0
ecfp4_1100,0.0
ecfp4_1110,0.0
ecfp4_1102,0.0
ecfp4_1103,0.0
ecfp4_1104,0.0
ecfp4_1105,0.0
ecfp4_1106,0.0
ecfp4_1107,0.0
ecfp4_1108,0.0
ecfp4_1109,0.0
ecfp4_1101,0.0
ecfp4_719,0.0
ecfp4_717,0.0
ecfp4_716,0.0
ecfp4_715,0.0
ecfp4_714,0.0
ecfp4_713,0.0
ecfp4_711,0.0
ecfp4_710,0.0
ecfp4_709,0.0
ecfp4_708,0.0
ecfp4_707,0.0
ecfp4_706,0.0
ecfp4_705,0.0
ecfp4_704,0.0
ecfp4_703,0.0
ecfp4_907,0.0
ecfp4_701,0.0
ecfp4_700,0.0
ecfp4_699,0.0
ecfp4_698,0.0
ecfp4_697,0.0
ecfp4_695,0.0
ecfp4_694,0.0
ecfp4_693,0.0
ecfp4_691,0.0
ecfp4_690,0.0
ecfp4_689,0.0
ecfp4_688,0.0
ecfp4_687,0.0
ecfp4_686,0.0
ecfp4_685,0.0
ecfp4_702,0.0
ecfp4_757,0.0
ecfp4_756,0.0
ecfp4_755,0.0
ecfp4_754,0.0
ecfp4_753,0.0
ecfp4_752,0.0
ecfp4_751,0.0
ecfp4_750,0.0
ecfp4_749,0.0
ecfp4_748,0.0
ecfp4_747,0.0
ecfp4_746,0.0
ecfp4_745,0.0
ecfp4_744,0.0
ecfp4_742,0.0
ecfp4_720,0.0
ecfp4_721,0.0
ecfp4_722,0.0
ecfp4_723,0.0
ecfp4_725,0.0
ecfp4_726,0.0
ecfp4_727,0.0
ecfp4_728,0.0
ecfp4_741,0.0
ecfp4_731,0.0
ecfp4_733,0.0
ecfp4_734,0.0
ecfp4_735,0.0
ecfp4_737,0.0
ecfp4_738,0.0
ecfp4_739,0.0
ecfp4_740,0.0
ecfp4_729,0.0
ecfp4_644,0.0
ecfp4_643,0.0
ecfp4_642,0.0
ecfp4_641,0.0
ecfp4_640,0.0
ecfp4_639,0.0
ecfp4_638,0.0
ecfp4_637,0.0
ecfp4_636,0.0
ecfp4_635,0.0
ecfp4_634,0.0
ecfp4_633,0.0
ecfp4_632,0.0
ecfp4_631,0.0
ecfp4_630,0.0
ecfp4_684,0.0
ecfp4_610,0.0
ecfp4_611,0.0
ecfp4_612,0.0
ecfp4_613,0.0
ecfp4_614,0.0
ecfp4_615,0.0
ecfp4_616,0.0
ecfp4_629,0.0
ecfp4_619,0.0
ecfp4_620,0.0
ecfp4_621,0.0
ecfp4_624,0.0
ecfp4_625,0.0
ecfp4_626,0.0
ecfp4_627,0.0
ecfp4_628,0.0
ecfp4_617,0.0
ecfp4_683,0.0
ecfp4_682,0.0
ecfp4_681,0.0
ecfp4_678,0.0
ecfp4_677,0.0
ecfp4_676,0.0
ecfp4_675,0.0
ecfp4_674,0.0
ecfp4_673,0.0
ecfp4_672,0.0
ecfp4_671,0.0
ecfp4_670,0.0
ecfp4_669,0.0
ecfp4_667,0.0
ecfp4_666,0.0
ecfp4_645,0.0
ecfp4_646,0.0
ecfp4_647,0.0
ecfp4_648,0.0
ecfp4_649,0.0
ecfp4_651,0.0
ecfp4_652,0.0
ecfp4_653,0.0
ecfp4_665,0.0
ecfp4_656,0.0
ecfp4_657,0.0
ecfp4_658,0.0
ecfp4_659,0.0
ecfp4_660,0.0
ecfp4_662,0.0
ecfp4_663,0.0
ecfp4_664,0.0
ecfp4_655,0.0
ecfp4_870,0.0
ecfp4_868,0.0
ecfp4_867,0.0
ecfp4_865,0.0
ecfp4_864,0.0
ecfp4_863,0.0
ecfp4_861,0.0
ecfp4_860,0.0
ecfp4_859,0.0
ecfp4_858,0.0
ecfp4_856,0.0
ecfp4_855,0.0
ecfp4_854,0.0
ecfp4_853,0.0
ecfp4_852,0.0
ecfp4_758,0.0
ecfp4_850,0.0
ecfp4_849,0.0
ecfp4_848,0.0
ecfp4_847,0.0
ecfp4_846,0.0
ecfp4_845,0.0
ecfp4_844,0.0
ecfp4_843,0.0
ecfp4_842,0.0
ecfp4_840,0.0
ecfp4_839,0.0
ecfp4_838,0.0
ecfp4_837,0.0
ecfp4_836,0.0
ecfp4_835,0.0
ecfp4_851,0.0
ecfp4_906,0.0
ecfp4_905,0.0
ecfp4_904,0.0
ecfp4_903,0.0
ecfp4_902,0.0
ecfp4_901,0.0
ecfp4_899,0.0
ecfp4_898,0.0
ecfp4_897,0.0
ecfp4_895,0.0
ecfp4_894,0.0
ecfp4_893,0.0
ecfp4_892,0.0
ecfp4_891,0.0
ecfp4_890,0.0
ecfp4_871,0.0
ecfp4_872,0.0
ecfp4_873,0.0
ecfp4_874,0.0
ecfp4_876,0.0
ecfp4_877,0.0
ecfp4_878,0.0
ecfp4_879,0.0
ecfp4_889,0.0
ecfp4_881,0.0
ecfp4_882,0.0
ecfp4_883,0.0
ecfp4_884,0.0
ecfp4_885,0.0
ecfp4_886,0.0
ecfp4_887,0.0
ecfp4_888,0.0
ecfp4_880,0.0
ecfp4_792,0.0
ecfp4_791,0.0
ecfp4_790,0.0
ecfp4_789,0.0
ecfp4_788,0.0
ecfp4_787,0.0
ecfp4_786,0.0
ecfp4_784,0.0
ecfp4_783,0.0
ecfp4_782,0.0
ecfp4_781,0.0
ecfp4_780,0.0
ecfp4_779,0.0
ecfp4_778,0.0
ecfp4_777,0.0
ecfp4_834,0.0
ecfp4_759,0.0
ecfp4_760,0.0
ecfp4_761,0.0
ecfp4_762,0.0
ecfp4_763,0.0
ecfp4_764,0.0
ecfp4_765,0.0
ecfp4_776,0.0
ecfp4_767,0.0
ecfp4_768,0.0
ecfp4_769,0.0
ecfp4_770,0.0
ecfp4_771,0.0
ecfp4_773,0.0
ecfp4_774,0.0
ecfp4_775,0.0
ecfp4_766,0.0
ecfp4_833,0.0
ecfp4_831,0.0
ecfp4_830,0.0
ecfp4_829,0.0
ecfp4_828,0.0
ecfp4_827,0.0
ecfp4_826,0.0
ecfp4_825,0.0
ecfp4_823,0.0
ecfp4_822,0.0
ecfp4_821,0.0
ecfp4_820,0.0
ecfp4_819,0.0
ecfp4_818,0.0
ecfp4_817,0.0
ecfp4_793,0.0
ecfp4_794,0.0
ecfp4_795,0.0
ecfp4_796,0.0
ecfp4_798,0.0
ecfp4_799,0.0
ecfp4_800,0.0
ecfp4_801,0.0
ecfp4_816,0.0
ecfp4_804,0.0
ecfp4_805,0.0
ecfp4_808,0.0
ecfp4_810,0.0
ecfp4_811,0.0
ecfp4_813,0.0
ecfp4_814,0.0
ecfp4_815,0.0
ecfp4_803,0.0
